BuildingName,AC,GAS,COLDING,COMMUTE,RENEWABLE
GEMUH,8.465031531,66.02659884,38.90037565,41.20002256,50.35733079
CQBJY,32.59424227,66.01696189,72.58636628,24.03854232,71.45203306
JTJMA,21.36654149,37.13465889,75.73152916,69.4603043,10.31971348
GRJGL,37.12924542,84.03672834,51.57147088,38.38299849,76.74691719
GTVYJ,43.33658859,24.04645131,15.45662126,52.96670369,95.33366338
XJFXR,25.76023209,60.61485677,72.06664902,13.50592058,52.78386454
NFCTG,58.32443285,73.98752579,62.56673036,59.36437433,31.77660685
JMZPD,67.47815228,44.72229368,45.41828544,55.5482035,83.48616812
AEVTF,81.44447725,39.34145466,86.75043509,45.04943189,93.08199251
NZINT,28.26268099,38.48704092,34.83576739,90.53186617,33.67462438
VUITU,80.00074518,83.56745589,76.26334884,5.549297641,44.99454285
IHMRZ,32.03866864,15.39933746,93.36000351,88.02167935,93.95652815
FDBGG,77.58679157,79.37066787,94.20572142,96.10042777,39.1101253
XFHWT,45.99405782,76.24326142,54.17448735,56.58585708,89.37582603
ESNTI,95.48617139,89.52260448,90.56814811,92.88299086,96.83974185
ATSWS,5.434817646,39.22959847,34.19728758,30.16468337,58.87374134
LFYNM,41.14380026,20.80896813,37.42668086,97.6051895,65.74305032
APTNA,40.84367213,11.73008778,67.24131621,41.70621426,98.72611318
WBZVE,82.87494828,63.85745432,26.79736904,60.72485978,48.98320058
OTMUI,35.41742072,22.9100284,47.6241988,84.47735469,96.96879154
MHHKP,42.12016714,23.11915985,61.98515684,87.24557722,0.251752717
KTZNN,76.13295406,95.72579552,76.85225592,73.73602078,40.06491802
MPOHF,76.33228044,84.66319276,43.46109808,82.61079388,13.62394737
ESQYI,93.55758549,76.26210197,42.14260295,20.72215454,4.129042488
UJMZE,63.395683,79.67718743,44.27351674,42.80123969,95.90685614
KFRCQ,89.57777192,71.67880409,58.9529278,69.95436268,46.45666861
ADMZK,88.10596424,57.74499271,58.59738975,88.34582931,90.63482268
MIXPE,48.08169636,38.40125609,38.85383974,21.18269263,15.73891259
YSPCR,17.04843515,53.06975427,87.32657138,11.40541482,81.3762386
RNCZP,74.27384853,98.9280297,33.24717408,94.83779431,45.00686214
UAGXF,73.69390351,41.30301308,36.73162524,6.414540534,89.82859958
CIVSV,73.25431863,68.60098117,57.89047617,38.65242239,96.70845527
MGZLE,59.18785436,60.93378087,57.43436461,68.90338063,81.26239963
FFUZO,49.68463619,50.0484844,9.240545532,49.95561656,1.219100081
GTNDF,2.62245442,86.08276375,69.04612016,31.76581433,56.52185181
IDLCL,2.87045793,77.31191318,49.32331802,70.29828256,36.38141851
LVEMN,25.19852299,98.18467623,37.51209207,6.14960442,78.4073452
FTNWH,73.08774345,85.27757726,33.64375519,98.7029791,5.915581338
DXWTF,47.39738771,69.33002099,91.16442155,2.920281674,86.44173157
KXDTH,37.40045685,19.34776231,41.76130577,71.63342214,27.81393362
ZMCBI,84.61028341,39.0142361,33.61950509,83.16807411,5.850769766
NDQQA,13.54223172,48.56205671,17.71415072,55.12578381,44.64590549
JQBJO,7.178617154,76.71315195,91.51010206,83.59203475,28.49656048
AXGBJ,68.77534263,38.13698634,33.05468473,99.28979192,53.47613008
NNELU,18.96718609,48.90740508,89.90852344,3.201086928,61.6055326
OYHSY,14.59860579,41.78950641,34.56514636,31.38722097,5.718802436
AOYWK,29.29968868,36.1682174,53.38335023,54.80183947,20.83324531
KGHRX,43.9862548,21.48954831,87.81107714,57.32231623,90.84263271
CXCVX,2.263016846,44.24657657,3.135173632,21.04880821,81.77557709
APRFC,85.30836577,23.42781291,20.24547709,95.57273999,84.69227387
HXWXM,30.75498765,87.6175803,98.72644641,48.15895505,74.30533309
CMYQD,81.10102191,92.11012909,90.6130525,44.12383438,75.7352532
EAZUS,4.884714294,49.26706404,93.26291752,43.18329046,90.35423315
RISCT,6.027829293,45.98718654,26.65798907,83.21897026,18.94269288
ZQUDG,96.96452737,61.86175691,60.67969598,45.14288132,32.12931975
GOUJA,86.16008781,0.201653558,81.82033659,7.666971548,95.75926427
PAEMS,81.3410103,69.69465258,7.891454786,99.51437692,51.26946879
NCOFO,2.576690688,60.25679949,48.22825372,99.86257571,56.60123231
WYJYY,37.83266246,47.95730263,85.34380257,90.04341474,10.66632741
DXDZA,93.96529267,26.8969376,50.07572485,23.38815507,78.8983217
EXNOL,83.22554951,91.80887887,53.77362936,23.77966234,26.54300036
MOHCW,11.81318945,38.22343411,52.4123209,55.81683433,17.93547478
GNPZX,16.62866064,99.68627594,79.62249107,74.87955363,30.55187538
HTFGA,62.34924274,78.80509708,43.20689474,8.504398319,29.39305739
RPCKR,40.02061191,82.61367897,83.20327783,18.43615269,11.74923618
NIBQE,79.72294761,1.463947406,57.25714159,67.96531781,54.84428904
XZFUO,96.56929515,19.55592524,71.31155199,34.11025161,52.26307171
HLBHZ,77.89755206,61.00235805,2.509079757,99.47986458,2.974722748
VFQZM,75.84321474,1.720159822,36.95146356,42.58970224,65.56814974
QRLDV,50.50319864,66.4533198,77.60961352,48.88113537,91.06215633
UPKRA,85.80059626,26.19479427,8.398444982,21.81208487,71.96206901
EKAAN,67.59118866,42.63926961,17.05501704,59.36277166,31.54547036
TGIWP,73.32436489,61.39068939,84.11197793,24.50673488,94.35159728
DIVND,72.22084613,19.90718263,75.78297777,69.26932949,13.71827201
DVEVW,41.43633726,9.462353251,68.07600329,32.25967889,80.28372868
WKPSP,11.09291424,32.59029892,56.33581064,77.36720692,25.15993152
LZWSL,78.52242083,82.32788935,92.65149269,17.58820668,79.63426751
VCTFU,84.40007757,83.99940206,12.27528445,30.62317861,58.19779765
BOKXI,73.92918383,78.20117341,33.24295297,37.4842064,53.43683283
EEUPO,60.01764217,38.88728844,12.08560754,91.86323959,40.69058961
ZGUVU,51.96288821,12.60545122,4.157874997,24.03570075,5.86420698
YTSFY,92.39377247,84.02653619,33.95211893,62.1150489,68.91388595
FXRYU,80.96993889,88.04341517,37.29298819,45.27426953,8.421720987
SLTTD,69.54110511,41.9415221,86.98864252,35.23028561,92.42577412
JTFCX,68.51293325,17.93164283,48.36234485,19.72045231,53.80737285
YMDWF,60.62642204,7.811442129,21.57197801,33.46737032,0.555457335
ULSLY,33.429274,78.13229972,7.61006819,80.37190665,98.41026667
MEXHG,53.80590854,7.384512137,91.2631171,11.56954489,29.6241365
CKHZB,71.52647476,35.19349686,58.09817067,37.26887333,9.715714011
YICDN,74.3765949,69.44440519,60.36466903,11.41730582,12.48084056
QIFSA,7.599311209,35.04910526,81.42823137,33.41999108,90.28148796
PVHHP,84.76070981,73.04049018,64.52280064,82.7009355,14.59639076
WFRBT,46.80356208,75.88661697,10.15178836,29.7733861,7.94608679
ASHUX,47.66318811,16.106239,16.20282871,92.61185494,91.022777
AWZHM,84.89063252,59.01488716,45.52085596,33.62716882,37.0042825
CLDBJ,29.90578604,82.79580472,52.01557644,31.58864688,78.14606518
VRIWE,9.226115905,67.24982081,84.74127586,30.51883915,42.17491804
DUSXN,39.0014101,16.25998455,73.81084675,74.5427692,11.0355618
UJDZC,90.48227041,29.1086784,22.52258655,25.74784536,50.59526457
WQDMF,83.42613872,82.69687063,0.269658863,70.40492369,92.12509851
WPTJC,14.36617582,83.80538171,65.08628703,9.426014776,78.18275016
JIIEU,92.19358979,8.424449307,15.17004433,44.92817713,90.52743247
SQIXK,67.4289791,5.442786956,30.76002398,90.95039249,36.20684491
OCZZH,95.25856949,56.91357093,40.57841165,77.25408011,95.40986101
DCOMC,80.54582225,90.00156063,43.50822157,93.9155721,52.9113601
SGTFL,8.822305404,7.968428654,12.03373418,90.09675791,81.2216803
EASOU,86.34814469,59.84872705,79.70301491,42.29541374,60.7658665
KBVTM,26.26525226,35.20327193,87.72686182,42.39993937,7.968439193
STGYE,79.20809066,13.05256356,6.664974798,10.92749558,33.43833681
SAYYR,81.6710863,72.94974253,46.88147416,67.4114959,93.51153594
GQEXQ,0.021303981,21.4301914,10.04137954,4.865497628,46.01359924
YRAPP,10.06642511,52.38611685,80.4366325,93.4002932,76.79942863
MTMTD,61.66628412,28.08927251,82.65545043,25.376156,43.38922597
RMQHT,75.67101102,75.58881051,22.77214968,29.73557918,15.54455677
AJGDU,92.00752274,10.02018145,64.77046807,17.08263745,94.51784509
JYALE,60.66610466,79.79212832,46.91428878,82.15337064,68.75653866
SAQFQ,39.887138,69.48202816,47.23482958,10.77294398,77.96819567
FLYRU,46.57377704,22.48745166,6.287946061,91.74912575,76.51384939
TSVVO,18.58928548,39.6726324,43.98678461,44.34626382,48.90984387
HXPLD,35.80614541,70.21958077,27.8605067,33.29078737,51.89021787
MQBUO,87.71802653,42.69575554,75.78862288,13.07651281,60.29736145
VLJDX,96.02746799,58.446827,8.354868327,5.491702823,69.54248613
LSSHC,42.88966385,2.750485614,20.32008348,19.27970304,79.07955526
QDXEO,13.48345397,31.56074401,35.31926434,86.06790025,56.29231921
MXZUI,65.78279962,92.27692005,94.32400592,85.47584823,74.28259837
AMMRA,50.78485515,87.1413164,39.9921947,11.51448919,6.551803695
JBVUY,97.55234118,30.94534027,17.52164476,46.58458722,58.80102532
CABOF,6.020027326,47.03132944,50.57858673,95.03919441,40.23761369
FSVTW,13.86923747,31.63893485,41.235543,27.57722245,37.81863819
LSHBE,74.87159987,40.28437276,98.18699875,62.40893267,56.37276627
YGONW,78.21193797,41.80454495,58.0221511,64.83209241,79.38894074
OORSD,65.62100096,94.88173535,44.86005313,93.73855606,70.77135307
QXANJ,93.63482687,88.90828068,28.84489182,19.34548248,54.43688781
MBJOC,78.03675685,49.47740097,54.04295724,71.64590342,90.13838078
HTZPA,85.26240547,3.114621846,68.18618251,78.25737289,86.88450706
KMNMG,14.62326093,29.66626387,6.754136099,65.14060177,67.85515302
MIAHH,1.491368316,8.467784626,67.68608388,48.92042093,9.748646375
WHBWH,20.71177511,64.65039588,24.16299495,71.18026542,14.91654491
GDOBL,6.801530267,12.77543518,85.29127572,81.63973925,11.18898234
PFPSF,24.41839539,94.19213686,96.98040405,27.76440068,35.69630342
ROIDA,90.79471294,54.33043509,32.94535282,15.11148908,21.13266671
BIKGR,9.873679723,70.12621399,92.8028948,28.80623946,35.97182181
IOZSD,77.46261297,40.92555536,58.06808585,83.91628779,17.89232526
HZNKK,64.899012,98.20301482,63.01770705,68.56738265,27.49169701
LIEJF,63.22374224,24.41058486,43.11111372,12.05326125,5.26042164
HXZUK,46.65578638,76.23151762,66.78097985,65.90180816,70.65925838
IJVNL,46.17669474,7.929249109,58.85445567,51.30151636,14.38198178
YVDTZ,58.63833959,31.13226111,66.50573818,93.29902319,42.75043622
QRYCV,79.12495152,83.93467135,68.78161766,14.61215122,64.75115879
AHRJN,31.53355064,34.04842695,27.91227984,83.48238191,4.723764697
QJIAI,43.34751489,7.376947048,77.79477884,64.39946016,14.92399926
SEDRW,3.465191956,91.01517523,74.94780745,9.977322489,49.00461965
JRRPT,39.31041097,54.76923293,99.68411822,70.64785426,26.21040036
ZXYZC,56.1212106,87.23776962,33.33062293,93.13678158,11.47643215
DPRRV,17.86397232,68.45646211,55.46778613,52.0047222,92.80669195
QWCEP,40.19682442,88.86651519,58.9637968,0.651960111,79.45257702
JKWBH,76.614074,74.22274367,62.91179873,31.63642824,67.29029133
RMXEH,15.65998398,2.899279813,44.98128623,54.64510074,88.26698297
WIKUA,50.96055517,71.97990724,83.54060888,33.99799099,63.89662761
RQHRR,83.24385184,19.98224537,32.54464187,22.07124474,31.90538133
XBSES,3.867598747,41.15623112,36.39750191,49.92094933,81.97871608
ZKBHJ,92.52122844,85.13340598,12.1818416,58.90595293,93.87867264
TNQSQ,30.39721721,16.14940849,48.10327815,92.44174919,59.56328475
VDKCH,83.42217968,11.21678338,85.25326464,61.32746608,98.36871826
DYRRA,81.78679561,83.68611487,96.82161416,70.13513094,59.85885881
CZRNW,73.78421962,3.720343406,76.68341479,42.75220865,78.11314472
NDZGS,85.83284267,92.22554389,94.40055883,97.96237215,86.57221911
IJRBL,51.90871391,84.89104894,21.76865175,62.11896368,19.13296306
XXZWI,31.67473366,20.82787356,27.06804882,5.670091758,70.50797063
FCIRZ,57.6110388,70.69262252,17.67869194,0.962340252,74.26017971
GJSTG,61.60749725,67.24956732,97.78806347,58.4004829,4.480521025
DSGOJ,78.21199318,41.11281764,36.48382601,51.34483697,0.182239481
DTFJT,85.08021565,69.44158715,52.49292553,25.61550558,57.62592793
HIJSW,55.36050574,17.69521198,8.956322485,48.10803511,90.93385498
LHAVF,66.30385473,77.75552259,47.62423351,86.01879555,22.23700783
KKGRM,55.253242,33.61224543,45.04684249,54.41055081,31.91394745
GVBJP,86.12715827,78.56930723,69.23496082,75.01741015,60.77834988
XXGQF,92.09772885,58.23064458,25.33277757,94.95223526,57.85254962
KEHLV,89.84726076,83.30316317,15.64103715,82.67450158,40.25312781
JWAXK,8.258327158,40.16576407,24.46821113,51.16805767,38.86508632
IFCFI,43.94892729,71.41162327,54.01421937,47.75001895,52.56538963
UEEUV,62.94324824,37.13346928,39.72944053,77.98680944,70.34588771
ZUTXC,80.67235892,37.74284033,76.08415654,57.80769624,57.37196044
MWNYF,94.85672166,98.69907422,39.75401091,45.03260352,56.34976679
WBJVA,43.88574423,2.250117737,47.66879702,77.10984544,2.452972559
ODKRS,16.03261796,29.95641504,61.49478579,89.89794943,65.89466547
NRLEE,7.834777656,26.1131592,94.34878052,7.499561861,45.58395232
FGEHT,48.65826795,73.4540171,41.9747701,44.32546188,45.91119095
SDOWQ,88.74505815,20.93917871,21.650787,78.74599092,20.05241334
ZTKSC,46.18370761,63.56177882,35.60639329,5.614785255,96.44072493
UVELO,47.80258337,52.48940049,7.936800384,75.22535387,33.53710277
VYIJZ,94.80526829,99.98140779,98.3060841,58.61109022,99.54933629
MDHOA,6.961172057,4.573030373,8.542207399,60.88605082,25.62146235
GKRRR,68.80197424,7.468474938,19.01677661,86.2504699,31.19194602
YDPGH,60.00490006,27.53425491,86.96125135,69.82431725,29.65593943
VOCZV,39.49421487,37.9313973,0.518650252,23.1535057,20.3081595
IIOZU,24.14811556,29.29944891,34.09618245,38.76097592,89.36016885
AQPZB,44.52369819,69.46825296,76.44248571,23.06597717,30.82554955
KILVB,18.83122757,6.312494083,7.574771551,76.15253189,24.46530213
ELZGP,6.663094021,75.97263502,72.16038319,64.56498238,79.18056239
LSFPS,31.4071044,42.08435039,16.92827645,30.78267188,56.83327173
REXEP,1.201256075,68.44425893,18.99626013,50.67797196,66.39496861
SLCSA,23.35021196,40.36774468,79.78087785,26.29747556,83.3673728
YBUWD,80.42258734,10.84425331,91.95447069,63.22867598,54.28042501
IOJIR,28.25110073,69.25510963,63.20725181,76.71228008,41.97869273
FWMWS,8.471876222,78.90952088,75.27812774,12.9173102,21.80982955
ANFVH,24.92418407,63.94449369,65.16896687,23.71327142,7.682611172
QNYYZ,23.61554732,70.75712364,30.41813823,76.49734312,16.87020221
KZMZQ,13.22823604,62.5619348,31.05641232,47.80487897,7.353736903
UDUQY,7.211462925,78.49063392,69.069372,24.17829578,92.93946947
PWEAC,42.01185677,34.84138335,6.81696073,46.93934428,3.997676395
SHMTW,67.62351133,21.52542767,97.71300032,9.003840891,3.803054162
EXXAV,44.33845212,62.18521514,79.43823118,81.21888476,1.102480596
EWNJC,37.37441656,32.12702319,83.63456083,53.29959908,83.67870939
BRCZA,83.92432375,49.88156115,91.9440793,87.88155747,24.1319346
ZGVRO,57.74150805,43.90997662,56.47348529,12.8328959,25.71700582
ZWSJE,36.77835832,99.19707371,45.87633178,2.339424983,43.36703429
GXCVG,4.396040754,41.66139307,30.37258711,40.97882065,61.68757538
IEWEY,80.40992631,53.1828022,24.96394938,82.16551057,9.101861898
VUUCA,4.810148363,49.47039337,68.94787829,69.33686715,17.63274367
GDMTO,23.04016884,26.90093107,29.18562799,92.51737812,10.29066542
XRVQP,41.79964934,5.289783975,55.97723812,11.7538152,61.51447178
QSRIM,37.36874409,51.05272524,6.58128889,72.33973816,2.630528344
JIMWQ,39.06594339,74.5344283,89.26590682,69.6396532,41.71262248
FBMAK,12.04660595,69.75648479,45.69282062,2.402976443,6.737683911
BNNMD,59.51397427,40.7253596,0.463390169,41.58899619,70.10437325
LGXBY,81.02185915,97.05431713,58.13049029,38.53892441,12.25617185
SRINB,28.78684079,46.40176806,27.72170877,49.19859655,21.19371875
VPHAC,34.32647945,45.06026668,34.24733344,57.5669243,20.05752787
UQDGK,42.50251748,80.98113595,23.88615071,18.90917328,88.8977692
UEAQP,0.09963404,87.76988463,82.25796933,1.138923275,88.66790348
ODGTR,69.58671702,71.56799742,78.65610753,23.92583923,41.59728458
RQAQT,59.4081279,35.38512565,39.12452702,80.86693571,59.7861219
VBTVB,30.97589102,49.15025535,30.10456282,52.04769872,8.390954625
SZEKW,42.28638869,44.24354876,71.69938956,57.36108665,13.18474486
XEKRQ,83.88891134,45.32949765,88.56636873,1.995890944,99.12677568
RNPZM,92.64658704,90.72259489,26.97890705,35.73620365,52.91980416
TEHMH,21.78642214,59.04664507,89.32508026,82.82533957,89.64791865
OWOZX,20.10465112,45.69545255,99.3752987,36.02804769,49.11750504
DFCZV,35.14189142,21.8557465,42.97663149,93.27949555,36.30866421
QPJTP,52.44129376,23.54140361,77.74249312,91.15419832,85.24317556
ABAAA,50.8040649,19.22283987,69.23920093,96.39657935,33.08689549
NZNYD,69.41857141,56.07861623,32.40524417,92.55380973,37.00379826
YXFAX,69.97756267,54.77313451,21.19265751,58.41048393,2.929273184
OBGGF,25.14118975,33.8681734,66.39858417,42.42614128,56.11543813
ERUAJ,74.50904234,66.65748881,38.67741176,18.84539587,49.00769448
PHSKV,92.20901287,84.81640816,42.45725555,26.70378602,91.84324017
OMCGH,42.46682581,10.60903447,52.73107621,1.334169731,8.518899783
QMMOC,95.64527616,89.1206805,72.28628059,86.45722026,69.87675911
QNJYC,21.74026606,7.294986293,42.44655045,70.82114446,19.10144096
WVYWW,24.41719599,37.43381874,39.05045209,14.70703841,62.97735521
NPZCX,17.12086865,36.51649633,40.79239856,40.3732642,58.94413743
BSIOW,74.79631539,44.65763847,95.20002199,26.14864659,3.250449902
VPUDD,71.01184624,8.31874631,99.54280405,67.78066457,60.67271757
QXWZB,39.16787875,14.44670823,66.45844433,42.151323,43.21044586
XNIGY,51.84594812,31.19259895,57.80427553,35.06085615,68.94698787
TMNCI,45.13460502,1.022516987,78.52074311,73.66165949,42.47394188
FRUQE,57.42807245,12.26785827,2.151632389,1.675837274,3.48808911
URCTU,48.45822846,83.79492695,58.41577393,16.38060248,76.11117807
CILWN,11.93827662,23.1509327,41.57619503,10.65521813,89.79219817
EMHIC,46.4328677,68.04353467,54.76967941,51.37429238,38.50264723
LQMMJ,86.64914744,47.87939816,1.311745004,98.15666759,68.23788577
LAUGW,72.05750105,11.95823569,48.85840946,19.96252914,26.41961414
MNSBY,35.40641988,63.79819361,59.99924982,94.74612777,32.43786225
PAUAF,65.53113618,51.4177517,8.80942654,89.89921396,67.86211149
FIXTN,4.046899079,51.23047891,59.11258981,3.819250744,41.6686017
REYFL,55.4897025,81.04191112,54.01484137,64.55065898,5.760870596
BIWWQ,81.50972902,38.54778138,94.68253489,52.49546429,19.53596551
OTBHH,3.765742458,23.65933868,89.16566125,93.60080945,0.612423598
IRSKJ,46.43276849,28.86049184,90.43081709,0.852898504,67.24868615
WVISJ,75.17625299,26.82741372,52.57457781,82.09133312,73.86890983
OSNHS,47.05117984,74.37741514,82.76777106,78.94948335,57.01530666
RLJPT,9.732480558,18.68506595,3.429474021,65.39344018,85.32308095
XVJYA,18.32881592,48.84806186,54.20762913,24.03112025,42.08776353
UEOQK,44.5172188,76.17013242,40.67779249,71.45006515,60.02400778
ATBPZ,53.65686157,63.68400421,47.66989918,12.74043957,66.59155081
ZGXKV,78.01236466,71.7663875,5.479052167,61.13059142,1.955871572
NIJHY,20.46758024,28.8776472,21.6366711,54.78272275,7.911134447
JRLCG,86.3907693,9.692501035,69.80244944,14.20839009,48.0684977
EOAJO,34.16651792,22.31968509,45.66677938,32.70789438,66.12474412
YNSSN,51.31307357,15.15621891,50.31274141,44.79954199,47.93261436
XQJKE,24.01501458,32.9408136,84.79972449,37.62539871,28.91987665
PDDDS,84.77914953,23.6368901,1.846088508,11.84512692,89.14754009
CMSBO,4.19898622,76.12082462,55.90273232,33.14900309,20.91423927
IOHUY,99.00312646,70.31161314,0.443492775,42.58769696,75.88667459
NNZEV,43.57044509,53.17658316,47.37034154,59.46622931,75.26556948
NWZGG,17.16688116,22.00612078,46.33041478,60.4696136,82.9855992
ZUFFG,24.18806783,77.4495918,4.408722504,61.87837462,6.635851106
JALYF,24.88099557,45.28719084,16.81164186,5.207533093,16.29062568
XSKOV,77.18645217,51.51997156,89.63949541,42.56487916,87.44572564
GTAZA,89.07933033,68.9613849,51.02881193,55.17758517,17.5858119
UHONJ,89.57321119,17.15361227,28.62564443,42.04495505,23.58363119
ABHJO,85.18330184,90.2975885,51.0025573,17.69864144,83.26097546
DAKAL,1.724249059,32.29259978,45.67280146,78.30592165,1.232433633
HHMVL,76.94077819,1.436468191,68.32479412,62.00162773,15.64976746
KOZEP,35.35329606,99.63980876,33.87542613,1.917205555,30.49808118
ZZTLQ,92.03921134,76.50423549,44.89564048,43.75868434,94.64532388
JGCHU,0.437033492,13.93321915,15.70028274,55.7836737,58.61540163
ODGDN,18.57168344,70.05095714,86.38162968,93.66879212,97.69019778
SVCXU,27.69410021,31.49416023,27.12824627,29.06913564,92.74207918
SWEWT,50.50591652,68.0528098,50.77523301,4.777734093,88.26769771
LGTDT,82.98101486,67.77007167,93.50310296,24.26034634,80.7365936
MBCCI,1.576642145,66.06546429,20.5110643,54.4718152,2.305916302
VUJZW,45.2917329,78.42128164,13.83821919,16.39928594,13.65463822
REBDF,86.25873235,67.68865177,76.95972111,55.07485777,85.47761727
UCQZJ,67.92915309,92.70695609,58.38374024,54.35731718,83.91056913
WQCLH,61.37914258,45.54765901,83.42645231,1.530813523,94.10187495
RUITX,0.757479545,57.04349008,17.65886612,97.67320058,20.79663534
YCNRR,73.6177051,97.91991958,84.06464812,89.42104036,30.88727141
EOFKG,16.89893411,35.67673576,6.642739589,62.0254067,65.58937415
POUST,8.901534338,71.85436615,14.93647087,62.13428903,16.65398276
CFDBJ,7.383340433,83.67151373,50.11614295,81.67383807,54.67811398
LDXVU,20.61413975,98.63359167,6.383263863,26.30437225,74.08944322
JIYOC,93.36160786,56.811303,64.81197511,56.39112343,29.46752662
GGSRZ,3.34858238,80.22555486,60.04956375,82.38766953,54.32342064
KNOJK,85.96270213,89.43060727,16.5120982,47.76631231,76.12485717
QKLAB,1.844229005,68.19332727,51.78936225,42.45387472,44.10656912
EQBKF,9.14402495,74.56181028,74.52221639,64.57952963,34.3086072
WDLFT,32.4476962,23.53742588,30.91049965,47.72856772,21.72018914
KPFYO,1.266086872,10.7164863,65.50893958,75.3454461,1.331959947
OUGNV,25.93814329,14.2731634,93.03531419,81.21584391,29.85656144
KNKZG,52.28681372,58.2297947,62.00777433,64.51917782,24.89012391
KYEZV,39.45675914,39.77261824,51.03681209,25.50622418,45.71179192
XAAJS,70.60721187,1.977441753,76.18283983,18.34166933,19.18272875
FVAMZ,58.90687775,59.76489919,69.81736387,91.37836294,18.01859229
YIOCJ,13.7343531,62.40524378,10.75460601,99.21185881,55.76760112
DFRUJ,32.10692981,98.08838998,78.27554935,43.54697511,56.61736347
XBXFJ,37.12380952,24.12511046,51.63950896,22.27913877,12.02848783
CPSOW,64.43386415,39.06350071,37.20670374,70.58252408,37.18193252
HFJEB,0.751464477,83.11117215,90.42613988,35.11597463,45.07673795
ZMSZG,70.35504395,39.88909291,86.95699322,72.15234956,38.34474568
NOLGK,82.17484337,28.92233335,65.13961521,34.37090641,12.44512795
AQXPL,37.11755406,80.4248693,34.86325891,96.18200824,85.69044652
PKWLE,66.61082915,92.76032696,53.34531252,40.5409323,49.72819488
WJDAY,0.870267507,72.17687085,0.259315359,46.67086596,60.55376554
XYSSV,91.04997306,56.7801025,68.85633657,56.58249779,6.822417139
HXJBQ,70.37418812,38.76250786,59.85829366,45.32988228,51.20813364
JMRMC,21.28293633,38.63279127,48.28361146,12.14779256,59.25592712
LOSGZ,85.75668216,43.63862185,60.15403382,75.69050113,21.07043085
KVPXH,48.06169952,80.04773021,81.51001616,92.86129089,65.81064259
TXZYP,60.76908425,92.30394003,34.4385035,99.20069749,65.04251729
ZPKMU,52.47908601,0.21779145,39.88452011,47.77650199,90.64695702
PBDRR,3.305215958,30.97245926,27.87182411,5.552458883,63.74248464
MEUZA,47.05281781,98.02601584,89.72493352,59.43125531,70.17243166
SBNUH,85.08338198,54.1592976,1.066908959,29.45589341,1.849316767
XQWKU,62.22920808,77.68850057,93.44255964,26.53928518,80.17767902
HSZAD,85.48438513,89.49834173,55.80200074,79.52983093,2.359337481
LBNEC,20.65701097,67.42698324,79.62271743,52.64697663,56.48753942
CXAAW,28.47294609,40.13587764,77.01513232,69.65720941,74.87352259
ENUCF,81.02777906,73.89169977,53.30464568,72.71757396,26.6106812
HNWOA,99.63399334,95.54703764,67.46663952,79.2842178,45.37479425
KUNWH,34.78657145,31.20263604,93.88874586,48.36370719,30.5973476
QATBL,53.41783222,88.47654031,67.06874629,11.76446666,90.07172971
LMXVL,82.7129466,72.4844699,6.62744398,27.59127007,63.16258871
MFHQO,20.39084605,76.06224157,25.06213146,95.50965716,62.82978145
IICTT,8.397919147,57.81400491,38.23035911,5.807937483,2.705988373
YXJAB,40.91521323,12.4981051,43.88766301,98.29231622,80.66401895
NUAZM,45.28134015,67.07028198,12.05358297,89.59099381,42.75175505
HVIOP,76.69206284,57.65671323,47.03987743,4.612420904,94.57081348
VBAFI,4.683680682,90.8239777,86.68800716,62.20713964,78.88158225
FBPNE,65.9403942,33.56791125,41.70805905,13.23926298,52.01612628
JHIZB,43.87949099,95.02711735,10.64880196,71.88569139,88.61099058
NEFTC,66.00067417,95.62813422,96.27938671,9.348332989,80.54777933
GYPFR,3.162533746,23.99540397,74.15951678,45.3400536,1.535601404
WOQMU,13.68972311,77.84404746,66.65591766,26.95210648,4.386997776
FEAVS,31.80161424,81.48256047,8.804650371,76.86860218,74.85159681
CFVGD,62.56444826,32.81749361,24.87246665,32.04886533,54.83293504
HTALL,72.8806459,26.50482543,53.00289088,16.20290507,77.50492803
NOXWR,66.71159226,19.00496288,32.14369468,3.315158917,14.18112509
IESLS,69.66237087,22.64104649,57.04462763,33.47654449,99.11639601
EJLKE,10.83244969,61.6538895,89.63542984,74.29453704,82.95183046
NQYZB,35.59632528,55.2335945,95.51951217,82.05906317,11.92271222
BRIQR,18.79921513,50.85949146,88.5034929,61.71119626,78.03257507
OGHJJ,4.926924722,43.28051801,67.17069973,2.043586198,33.50059387
IUXIR,66.53192245,33.50427391,29.4554915,5.587489538,82.84493346
RXSSO,60.69208907,50.81078024,46.97094302,31.2728421,88.69273671
MOXJM,15.78445865,30.73558481,80.24740562,32.57255453,32.11807798
QPRHR,85.67868919,62.24490401,50.95503395,88.19990803,18.38664224
RAMLW,14.56288636,45.15161445,65.01979727,18.03903902,67.01370572
LGAAB,67.58281465,90.49869158,20.32101073,53.12482435,55.26366177
SKMXB,79.44370795,57.75195346,47.91753477,93.20676528,34.34384504
ZHBBQ,6.586554449,16.68255303,66.47728273,53.37425582,94.29221839
IQEFQ,81.25119939,41.32789903,40.16929387,23.34062135,33.51174324
NZKUF,41.15391417,31.70481524,58.47692078,92.08159586,16.47446634
NNMDR,77.28170034,88.22759592,38.82659006,23.0257208,71.8146821
PCNSN,73.6724448,98.42501223,76.16381847,90.42409213,0.928569196
EUKQZ,18.87114595,78.13217279,42.8707928,36.54763073,54.54367643
XDWJT,16.44082775,90.94522918,13.92186532,41.07960268,18.40765085
GTKRP,73.76772523,12.41275527,22.99775148,54.89436413,42.3558745
FAIXX,96.9448785,9.683669979,74.91210315,77.66126398,91.79958169
FMEMT,30.63385422,95.01108822,98.63232459,60.14827866,0.1164893
KRVXY,59.15901372,53.17202893,5.703171814,4.661309001,32.25806287
ONXZK,65.35868015,61.03032824,39.24649663,26.18131799,74.1306434
VZUNP,70.7852003,40.35356326,34.44305609,75.53796118,1.827622957
XGXWT,29.03295594,68.67368991,0.010269892,55.42682446,86.31104566
TTSDK,5.869398351,77.86545885,10.16373342,52.24939238,26.60097194
WDGNF,15.35369193,22.6033903,27.58529991,62.98427269,72.94071973
RBDQD,43.57843877,12.0740223,26.08239476,53.51500709,57.06089403
EDFDS,41.35148364,64.75849433,4.490282687,33.60576988,85.89834943
KUUDC,85.96068374,87.39448024,32.59433872,23.83902914,53.0641969
BHHMY,5.770735628,37.94423302,22.50130556,40.5004425,31.00439694
HNUYK,35.54187251,39.46587436,35.33721706,24.36809967,43.67171425
MMUQR,72.59739208,48.7717364,37.18288933,94.00739473,37.42900212
RSQLH,12.44521267,6.381976603,56.18465826,47.18102375,95.99795893
YKHSW,60.91456994,76.1160629,4.945890559,18.92804365,50.89937489
FVLGG,51.21441037,38.10471001,94.82451435,33.68645867,96.03069014
HFFEY,35.087441,69.62783167,62.30636923,1.632294184,25.05557157
IAAWB,31.96297726,57.84643961,76.41531217,58.06148536,91.89462448
UUOUI,56.95745132,52.93489396,43.02141245,79.77432312,59.17771514
OETQQ,61.48433483,17.05105824,11.40933393,21.23411344,98.99813731
ZXACO,45.51350512,22.30364649,37.10381897,75.60106548,65.32345062
QOCVZ,81.11114781,54.24177119,14.32763349,53.02397561,41.57217024
EVPAP,72.31021444,15.53088449,39.17321606,40.2457924,83.6767896
JBXXL,81.34076993,12.76319533,36.12083225,44.40686862,92.07552298
XKTCS,67.73016937,90.98896125,63.81567346,42.78498859,40.97827971
QWKAN,66.47433629,68.59307204,59.72956997,38.55885794,51.42068948
DDJNY,35.87207253,79.24033415,9.141228992,46.61166417,49.95427421
NEKVV,86.53130533,91.09717751,60.0365008,46.12613818,50.42937729
XZCHW,62.59277773,7.633838394,68.24489295,71.58091384,85.05623732
FLLLP,41.72485154,28.51560351,19.61778425,8.654178923,84.50270455
VIIZM,70.75083279,85.40120504,1.720877544,85.97470746,63.43335605
EJLOO,61.88799273,13.61759668,77.25505577,28.83090866,35.96323538
OZTTP,62.52709918,1.637221725,5.503142032,96.72102757,39.02725632
JTPJJ,30.85676883,24.04212244,48.31341079,40.16328558,94.57945151
VUSBX,70.8347512,81.0264355,9.41806739,59.3324104,44.9001468
GJNHE,80.52095116,68.04430013,19.79767612,64.20365531,6.405355505
LTOTY,1.644205648,29.61098976,29.70069751,29.71929071,32.441363
DJBYD,39.89508259,22.7817794,78.94523919,11.81640041,16.70355921
HFYQL,8.569000597,50.9757659,59.5297159,49.59942471,69.79632163
YUXZC,22.64630778,31.52315163,29.11235123,3.992828864,76.25123476
QIIFM,97.83212256,74.31999461,41.00868611,22.15411538,20.04252338
JRFHZ,43.17113048,7.003078826,29.846682,18.1824747,34.69550321
WVZSI,6.180534964,22.69757277,83.09991966,79.93509128,31.0751418
PVSFR,45.58652147,75.42633704,7.884718735,71.58750701,62.66769245
UXXRS,25.5323537,12.52815022,53.39425991,81.6876677,45.95809557
GJGRG,73.53345048,69.23295911,93.69903705,62.87843291,43.25123744
ZVGXK,5.018512692,11.70689796,15.60359401,16.80202227,66.1731668
QBXSU,97.17659083,22.92305713,78.998921,33.88589741,40.98077112
RSBKT,17.93768597,38.17776818,37.17552772,83.54723753,31.72300711
VUJIF,10.67043052,99.94584163,12.39828373,85.69726743,28.81758221
WTVQO,86.21908366,21.17177389,17.24287205,5.632395456,39.01692451
WUJUM,9.795212506,68.95255179,40.92689756,43.39585756,49.25835103
WRCJN,41.48563669,67.34671141,80.00332566,31.21172179,97.42155915
NAXBN,35.09920713,17.70405083,42.150841,24.55093768,7.681276279
MOYPK,35.61058632,17.54255844,4.51117542,36.75167391,81.09876652
HVKMH,7.246960866,77.5677228,15.83150221,11.06992631,41.91964223
ZMUHC,46.00390256,4.455194901,33.78146305,31.63500655,91.17919802
YEOHA,22.47883009,48.63938214,39.72194977,53.11376612,51.02840493
BGNSX,70.85721031,2.516492589,15.18158233,18.79107875,65.14900347
KXBQT,40.49130652,45.29567689,3.105885825,67.72174421,32.12534593
IMTKJ,0.087731319,30.62107492,88.51668776,15.1438099,59.35812531
TUKST,75.37895635,84.09662968,27.73604393,23.39170466,66.8719045
UTMNZ,43.94566791,4.658640526,67.29248623,73.17160575,98.8574906
EXPFB,73.46431791,0.896592642,12.60932615,46.58252598,43.47744785
ELOAV,25.42560221,62.45385062,1.333934191,14.9111271,74.53000417
XNQIY,59.71734797,20.27387053,63.75919384,27.73742646,30.98405631
GRFYF,47.65989625,2.196515647,44.70704373,37.89946479,76.96826724
BXRAH,34.53069449,33.84975706,99.14889516,65.12019146,37.64510688
IGXSV,92.66908955,52.70287902,86.30806007,15.15493403,96.93982754
HRISN,69.92477122,46.99084145,46.81150406,16.29158853,3.42501563
ZVKEJ,59.50671012,12.86798699,72.414886,79.20521813,7.589158257
ADFVR,48.73825484,94.2861344,8.311012348,61.86574022,84.3061752
MDTVR,67.08384943,53.18252293,8.192418707,49.73300007,20.58740557
GEIZY,48.04923437,45.35931761,82.96996079,62.83061611,15.39692804
ZTHAE,63.75630686,89.58174853,26.55447184,92.66962185,24.44786196
VBPLY,44.10625118,77.3715763,96.74773438,87.06318616,55.69235995
EWPNH,69.11930595,99.81768098,14.99042394,35.16491165,22.34528775
NRPSX,17.10413089,7.973070892,24.3903329,78.70395676,15.51757451
DELXX,6.761472785,44.04376878,35.16279369,9.879190513,45.97598804
DUIVQ,0.291042943,7.789850427,73.16626982,98.02107322,26.5840175
IPCHO,53.05479959,18.22694912,37.47334256,59.18807995,7.794762015
MDDUS,51.89949712,18.48711663,30.29144907,70.77574738,22.54003233
ZOTBL,44.65213289,93.33814075,57.7361459,96.83988607,80.49063791
WCITZ,23.28192096,8.022299426,14.68668085,75.86158878,16.34581486
HTBUL,35.83655104,28.95523585,63.04581033,79.13392534,15.86029069
CNSLB,81.43876561,59.05833232,65.99113245,27.47842472,80.12384967
QJIBV,36.10197311,45.54359968,37.87075275,62.38950048,49.21245912
NMBEG,75.29854529,32.78637271,41.75854853,47.29877861,68.0912728
JRNKI,60.66567801,51.59841085,44.97425033,10.77618317,53.88408432
UWUXO,16.73661941,94.86273594,32.78640254,14.29609358,66.20607686
YFNVR,73.02548358,17.07235845,12.90096928,60.67628228,99.80082079
ZUAKV,44.74930128,9.880110089,43.91913777,60.17413067,16.35240741
BSXHT,71.28597507,15.4821314,90.86583252,81.97069032,41.83609675
QWGSU,65.48233631,45.21236417,3.836569806,52.03371678,73.96996713
WGLVC,52.25027538,63.50257927,8.221212459,88.51728111,16.96930152
BEIPQ,31.78788194,87.64805994,18.14328382,22.29353227,34.2894179
YPGVZ,70.4463718,79.02497444,84.81573519,61.62749291,60.83461484
ABDQT,63.40739505,8.548381753,64.35740439,17.54804373,64.99529766
PYXLB,58.40802991,64.71469475,86.46609334,36.00916379,26.55956121
RCWEE,84.30811332,22.09970032,57.11391533,1.065125118,73.88927764
FBYXM,27.35407335,80.02589316,98.88351243,13.29301222,66.50418892
POYIA,6.78500914,8.843372557,56.3064419,81.00429722,42.48596801
UCGGM,51.50622727,73.81406517,90.11573353,75.60078075,37.7142482
XFYIS,34.07934914,68.14010787,55.28618827,48.77030491,98.47033514
GQJMK,20.20013761,30.8051217,95.28986315,89.25568891,55.83127072
PVWPA,17.20525466,50.05211945,92.60072324,45.98465361,1.015164529
FYETH,90.1819928,42.93945294,20.64439581,70.14671641,0.510840841
AVIGZ,96.19507553,93.80527931,90.43595897,96.53135072,31.13159932
RLESD,47.03325001,72.06831015,85.14544405,29.39851067,60.10475766
FJZCM,63.0535498,78.0623452,78.38786857,79.88892738,4.82546934
RCUPK,28.11248803,62.78654902,36.41865126,65.73592241,85.95326117
FKGTE,81.03978195,92.21378873,72.75602809,15.27526317,31.21571304
NSTIO,34.32841018,11.96588453,30.64488616,37.63616095,55.08397157
ANDAS,97.78971645,24.94402024,26.80500414,5.974169443,89.69206015
UQDIN,90.82286201,26.34655657,0.979974461,55.67754073,47.04116811
EESJS,41.56837826,40.89844553,92.77337148,18.78527184,4.468104995
ZJCPD,92.32267855,76.95629017,23.62449072,27.18481381,93.93723275
VYKDK,95.51318622,14.02729906,83.40806184,13.48211507,83.09757273
CNHWU,65.96623964,14.31215927,85.53697821,3.715119988,47.33876471
XNWPQ,43.16227946,67.35592241,8.708011848,33.98478133,7.380782565
BGGAH,0.398986653,60.69732605,10.20210467,20.47127922,88.19502361
KBYWP,66.88205711,24.49418683,1.70746363,37.48513554,58.28593631
SRBTH,8.323711874,45.58570888,22.97808149,23.63697776,49.84070213
EUOWA,37.26146338,21.02424037,89.24376386,73.55363999,36.92717198
CNGGZ,2.751367813,9.495245326,11.30719399,3.17520423,88.86980071
MYEDT,68.85633104,99.36333421,16.01836995,26.70499284,68.07649858
STGOC,24.60037479,58.7850735,4.987097582,2.782427835,83.47595081
NWFFT,63.01413543,50.4554019,56.97418689,98.89555177,72.72452675
HGEMR,9.329477952,31.98055646,81.40920302,47.29328899,95.36798268
XQMHF,97.41636,28.15628598,87.95175639,77.42315957,41.20617412
ONJAY,91.24660371,56.14211991,25.23321451,29.33281143,76.8745228
NEEGA,66.36075062,92.63410018,20.14098014,10.69233936,60.8427704
VZZLA,98.77095265,6.230585557,0.149585309,93.50594775,66.53791293
SDRCW,69.73370501,27.21711261,75.71156672,87.374679,7.635373065
PNABO,1.927614176,77.77120613,11.90567937,40.67669152,70.01163238
AVVDY,94.292061,68.78452172,84.25125513,4.874655916,23.36291987
TVLLY,8.302701659,22.38335494,37.26245958,99.2171272,40.40839811
DBMHH,93.1362066,32.79763134,80.82335117,11.36222067,12.33509017
GIPRL,85.60295936,50.82267344,24.86647145,25.66895773,95.81247562
SPAJX,83.14135931,90.50915229,25.36562285,27.91721675,72.92124429
UNDVM,58.9056977,17.37550208,96.36352716,72.85074556,83.48658572
YELXJ,65.8187179,6.227985324,30.78360088,61.68220758,94.46380436
SIIKE,48.2008356,4.724695625,10.6808067,41.73806678,40.40248349
MYIKS,79.24239824,99.50089936,51.33888181,48.92284569,66.06677064
UEOCS,12.37181108,13.53374741,39.56075377,85.65982746,11.21389312
GRPES,96.04064136,95.30775547,18.92785496,65.96622255,34.07570175
FQHFY,12.96588861,64.87364837,53.19918868,69.85280046,89.97264348
EAWEZ,19.32704663,41.84006712,44.13822088,60.08760987,20.03605498
YTIYB,3.444085732,15.63221288,17.50721142,25.41702295,70.12692967
MOTGJ,13.70707863,93.12701934,80.35013785,18.83522704,54.23268989
SCCNM,91.02716857,56.40668152,79.12523322,44.30397095,90.50966211
SZPBR,71.66493984,70.95792998,96.95731529,14.29756374,71.50038869
EYAVM,34.43355158,72.8190304,5.252956088,32.74674989,5.313542526
HUCZU,82.34737577,68.92129284,41.5263515,37.03332115,14.11350355
IYILV,52.50592687,93.64846885,77.73582838,77.74847369,26.69238309
FPPYG,20.45874323,96.79534645,91.49058059,75.82036875,37.21897
MOXTC,22.41549319,49.38091251,47.64511026,53.88039395,11.05069999
YLZID,33.18577505,75.35276369,22.96377333,2.631599371,84.07984336
KPJCR,2.609734066,40.30595188,3.970647537,88.56802822,65.30818696
SDIIL,79.74139569,8.687848894,76.62064195,8.185475149,28.5821017
GNNOI,53.04932766,13.82576639,71.70830858,67.47079286,89.01536971
XCUZC,98.74924016,84.61646044,40.20932667,6.634240293,80.97865024
OUPKK,9.866608097,28.66819426,36.7214344,52.59966678,42.65881966
RJLXO,36.07700917,50.60977014,6.685172507,82.16576751,44.78398473
KIDVI,61.67423827,34.6806245,41.69815302,36.20888231,21.41148583
XDRBE,93.70833256,47.51341413,84.87898435,50.21086458,58.12340573
URLZD,60.83935476,17.67811514,1.780993142,72.60194221,28.75489469
UBJIS,23.67325319,68.07335724,53.55173564,18.43753502,61.65974304
FRQYX,65.64412529,89.63984099,96.04831679,12.03578885,34.52066893
VQRVP,33.88543102,34.76894799,71.33726492,19.78413037,46.47923062
NBCMK,59.80250352,34.9198539,77.96120869,18.95274282,73.68645664
DLZEX,15.96571563,93.81985173,28.14689938,40.71347313,99.21077572
ENDGG,40.87153787,31.78350475,1.418002594,21.61440624,9.240665758
AXMGH,14.24064754,97.86225402,35.38940016,20.78191005,51.78554899
GXYII,65.43739624,91.67735741,53.10388908,30.84865636,41.0323582
ZXJIZ,75.34270596,30.79818581,59.67873788,78.70569854,22.70221876
INOVN,88.57017686,60.08123261,97.94319344,53.9938374,19.08002148
MTZKF,38.28914481,36.87429805,10.65545616,91.53713979,54.85508357
AEMGP,91.10746077,19.32761732,93.05453598,77.36486581,77.10984051
SREEY,89.04318929,67.65816162,86.6630833,85.81301859,95.80782578
KHNWR,3.001348128,70.97964113,26.84065261,76.81008051,86.06538041
DNHSP,14.12338726,12.47335915,31.28794992,79.68249133,98.18707437
YTKAM,17.78259869,0.084194984,98.06069559,98.51805212,84.26420587
MIJEW,37.31694798,36.04487971,88.8417992,19.34258335,13.28590032
FKQBD,30.23321055,83.34378505,66.18254182,40.64662854,33.26400285
OYPCJ,24.2123703,0.312378856,92.4260666,11.01712296,82.71058628
XWIWP,71.58765227,8.798709128,56.86779954,49.85508529,76.34810779
PWHSF,38.69448841,46.16298134,62.04724131,83.54283569,50.16181303
SOBRG,59.87962165,85.37453881,53.97427508,59.46244782,87.99863399
OABBC,90.79762458,15.48786598,48.90720198,61.3076377,49.04427402
OZGJA,2.209737796,78.07866863,73.00114587,39.01684306,97.37821727
NNMCN,84.39424986,68.20570512,7.853227019,46.52578859,84.33180147
DBVGT,36.46786481,41.84311727,18.58965659,97.12079935,41.03649576
NUWCM,78.21642706,80.48142155,58.97743383,75.75327018,27.42061763
VGNEZ,68.69689914,71.76146177,32.80675624,20.26300861,2.81280421
XUHSP,23.38217114,66.59906597,92.23844009,25.92139926,65.39816419
IUMJL,9.568613912,89.87561078,75.570146,50.53252092,88.49726688
RSUUM,48.75056259,82.27177318,20.96978257,37.70239456,62.97280509
GSSUE,63.79785016,16.5643887,27.68540704,11.40690643,0.853708552
KRBOK,52.56443217,8.395884976,6.531055765,64.79364853,32.57219131
ISKRT,51.50455973,6.479115095,19.13260562,91.4151593,29.27063012
AWZHG,88.53410042,75.68246386,89.50514569,41.00126215,56.84092403
CZQRB,88.68425863,96.87246073,66.87109035,89.81161579,70.99954551
JPSCM,60.4085529,32.66104676,85.61745557,19.89114458,65.12336991
QNLDA,22.19468726,38.35436167,92.8222679,98.01049383,55.72374175
PSUEC,54.31392814,66.9995746,45.65819906,5.999952074,69.45553895
NVTGC,96.30786398,28.97507514,3.503076337,90.6393203,70.44447041
FIILT,16.31685483,31.90109307,44.87070967,26.27970005,40.73275756
NIOWY,40.93136986,91.92847346,25.24019258,77.20221384,8.376303187
FVDPC,13.20670376,98.80647082,20.76788784,31.0137989,83.75835871
QDRJD,7.262648162,72.47899086,17.00737037,51.00586576,60.03622713
PRGDR,4.027813362,99.00845564,7.156284474,91.37698561,40.29580708
GUILD,26.84807564,74.58083814,14.97883833,23.00201511,59.50555932
JCHRZ,43.31112676,47.26204628,25.0354629,97.89341709,10.35399532
YRVPB,91.21294434,80.13955251,79.23455056,24.58853321,65.85385802
RMHUQ,2.233576761,83.48296524,51.69548189,89.32433931,35.95474919
WDBZP,88.36683937,24.78009081,72.96302627,39.15558188,74.73702019
TVHNO,2.861909118,54.32260951,7.374832413,58.30289576,77.96192207
MNLRF,32.07278931,85.38620917,80.88380089,23.30107068,39.14920964
SIQVB,51.31599918,14.02852352,54.34687684,62.14651624,96.20281126
JKTHK,32.89177303,60.4908819,23.47528573,20.69186587,15.82957099
OHQLF,12.39283176,55.07247018,39.88736744,89.36981626,5.362635714
FCJRL,60.07564226,47.35126426,30.922275,43.5648376,20.1300219
WVHAU,96.09464214,93.87852712,14.95379837,72.38106353,7.41704391
UBZCU,10.29772017,88.15604687,87.44520848,17.66112086,27.80690637
GPDMP,94.48456122,30.47415622,9.678953905,46.2343371,22.76076621
KXMFH,72.78669811,69.40268807,94.36974164,84.93260058,32.92768937
EXZFJ,67.73827227,54.4834554,17.3719379,54.22215346,34.23333116
HCPLT,71.04841844,3.268434405,33.26364854,1.53178351,81.8574835
PXCED,98.19672215,55.29030856,3.330301351,92.42877711,94.76848624
UFHBG,74.05463228,21.85340713,77.55912862,94.81541265,63.81568785
WYUBY,34.48950107,25.11152638,24.11262501,22.28333512,45.18902914
APCCJ,70.61720063,87.95018464,73.92222989,57.70089607,57.89822351
IZOKZ,47.07603413,39.66297395,18.7950422,81.49486947,41.23424272
YYTYB,64.46921438,28.99388477,87.10575941,3.153777771,12.36069076
OUKDQ,24.40475206,34.05119594,64.86070904,53.55451611,73.17370845
HGENT,55.48889454,52.79347949,39.93118961,13.54815418,68.17127456
IDUHZ,62.87881879,50.46455959,19.83978335,8.130394337,90.37144742
DDNUH,3.922026275,81.22334566,81.48313599,79.97918192,34.01616863
ALDIO,90.52921659,79.85786153,16.03840292,75.39790621,67.47340248
DAIKS,32.00638538,45.96481193,38.69018426,80.67773459,9.822985913
DHRUE,14.47709526,17.81773071,23.10988794,8.745435664,46.14942266
TQTIR,73.78458605,86.93797993,68.60641536,37.48662245,79.15048141
DEFCK,16.35323681,26.60905532,39.51341321,85.82947979,86.70328004
BACBE,26.66982955,45.36473638,95.5965811,34.49494923,67.7736672
HHTXC,48.9793694,70.78049191,35.73132423,93.3871325,30.10575385
XMHVB,34.81848155,10.80406268,25.30611802,67.25083237,91.27139117
XYHXP,64.20419435,13.55493576,77.92391131,11.87909294,30.00315258
ZWCQZ,97.03692413,9.162126576,76.69322968,98.53826305,39.01258007
RNFIY,27.16464917,35.9468405,57.71029847,47.04413558,75.36004587
LHIJC,7.133809662,48.15894101,94.3912849,49.20030347,79.10110314
SSQUF,60.59306544,82.28363537,88.28772482,64.16944966,83.25309649
QSUEV,13.57077782,73.28703498,53.36219604,15.57990468,47.22571583
HPSYI,27.93757618,0.496011148,24.39891653,64.93343348,53.43780011
XILUD,34.92900279,80.23762748,78.7344079,46.26727395,42.07946501
LUNRX,43.33307443,19.0146135,51.3939929,94.40548246,25.06001247
DSGVV,49.25530123,95.51369794,2.809224885,89.98189458,99.27497007
SPMDG,37.11996955,0.660404748,2.996260264,24.83796779,45.64638064
VQUHZ,60.5087099,0.636437043,57.66319614,71.77777578,74.76824666
QLGWB,11.27377415,43.95278597,69.9903511,83.02271399,46.5109499
VGNGR,9.995647137,9.945878671,63.63485189,45.10580599,24.83254128
TMROY,40.96549727,99.49802256,82.59250034,3.218537165,84.12220956
UXTNM,78.86873645,68.74766059,45.01638577,79.32584806,60.8772638
SLMHV,46.02857795,0.437684908,89.80391409,49.53865876,49.29114765
WLFJZ,32.21619748,81.27532938,79.91297839,85.09692448,88.87111161
VAIGI,16.37957689,34.06145706,0.584550219,68.62781638,60.81940329
MOSIO,21.82435964,53.23027055,49.47198657,36.25038721,83.77401272
AMUSP,18.86746744,27.8288842,44.54163475,89.84938236,98.95352774
SPCGK,74.68128163,66.4696977,62.98738597,24.85532633,41.02787399
DMDIJ,39.8592052,87.88054509,93.82254356,55.72725924,65.07211478
MYSMT,66.42021756,38.16090197,30.75444578,93.68192474,62.482299
UNRUY,44.08088484,12.95437282,61.35252068,46.47792019,39.2743363
IVQWC,78.45746751,92.67464081,19.0149737,29.39134178,67.84480037
GPLQG,65.80769671,92.5629008,39.10588885,92.10342067,12.98423471
CKSTG,21.29149406,1.457785545,97.62999006,20.37409482,34.7743879
ZOJMB,14.03619714,54.04088144,58.77904588,55.54426564,44.47776546
ZUPUR,49.69358472,27.65471475,0.200386231,61.37274302,73.97789605
YBCNB,78.71399134,94.82553623,48.80988268,3.938124489,26.7006304
GYDQI,52.15447386,9.689792666,65.70210624,51.53190086,78.03572896
YXLBB,7.925988629,4.297363458,59.55931137,95.99065216,3.723893301
VYLSH,15.12201046,76.89091614,74.55861094,71.33738898,44.87029116
POXLO,3.471644015,27.06897003,92.3476874,22.44132385,3.182388513
IBYEN,55.72117201,76.64723602,96.13531707,74.9652476,44.22232943
HMNEB,24.22572943,73.17732038,97.83588536,8.726755025,44.03246235
VVUHD,35.24557259,29.26296672,34.03723098,33.67618567,90.58403387
MSUTI,54.50014938,61.19256913,19.37368856,59.36660869,48.70975793
KUVPR,99.6895039,37.46711082,55.20943895,61.64658921,74.1779877
HVZKE,21.73920774,19.5862517,35.86943452,29.24817344,16.70524659
KJFHN,47.78929457,36.52719955,75.0298441,63.21307695,25.65809232
LNALE,19.33302771,3.088515687,52.00104442,81.92480632,47.74556847
FLYWD,44.16980235,70.24298324,81.29819137,87.73499433,87.9821255
WHKMV,62.86375248,8.394413488,77.19337233,56.95458714,82.99448532
MFVLF,27.3796888,17.42574377,33.92287798,66.77857649,59.74994384
QLDTL,83.85046045,2.144121799,66.60212301,44.51777282,83.04621306
QYYCU,87.55673235,0.979221293,63.96152832,58.91820377,84.48951346
XYOVB,94.76704103,74.22110904,74.32676455,71.95452986,28.19417893
DHKQI,30.8406221,96.85482305,1.588491632,57.74590285,90.2450844
NOOOI,79.82296107,92.74169063,99.77214835,84.52539154,54.85711363
LCJEW,60.28924925,29.5394881,43.06597415,43.79160745,8.186206422
TPGUQ,62.53719282,56.68808267,52.51277268,46.97502408,67.54992353
KGKUP,87.78433119,94.59518728,93.35008783,20.35050335,95.01936726
RSZPY,89.59696045,86.85335938,20.30163619,58.670584,59.67184533
TYDNQ,78.42455636,29.56929261,91.27295017,65.76672574,31.33253956
HKHVB,73.1985835,64.38713798,59.38154707,16.46085224,40.71237233
QUSKY,65.80690272,37.82790595,80.82152772,37.89232019,75.39059596
DGPYX,15.38156731,78.13656785,9.285860039,99.6161815,20.72393832
RYKZI,46.92873962,94.83385219,27.81194642,65.4745043,4.762533831
NRFLO,33.72510969,91.84263554,31.58162298,27.75806088,90.96721202
YDGPV,12.12201218,95.63526996,31.85249098,80.87017067,40.39626163
VLBMA,22.72706166,57.77180127,1.79412306,72.24530532,24.8825103
GNESU,96.42120333,22.84459632,35.22875074,30.51626593,90.92465172
FKMSD,93.99157561,98.70302889,59.0320217,6.226686936,33.12375155
KSZBB,14.49095919,52.00092178,35.67106881,53.53874797,6.592184519
BTJDN,67.1216509,3.252090503,21.48871465,47.40434508,44.62983544
ZISLB,95.47421373,22.61946552,18.17214322,89.33170256,74.16647284
GKXXS,59.05294895,95.95323674,19.06164336,64.47857844,29.36016996
ZHVVH,24.90109128,72.18166087,57.98646863,63.68680584,91.38324905
FOKWM,19.05194739,56.52340967,74.33635984,64.75471071,74.04989764
ITOGY,65.20930772,82.35537678,36.55060578,53.96506918,1.335148923
TLTSQ,19.71559512,2.512293078,83.95152506,98.08624433,76.67214175
MOJOW,52.18608035,17.09642904,58.2449403,77.46434701,45.9228068
VAJWJ,33.64584023,95.89524846,40.69033399,26.94834042,83.51639343
UZPIQ,63.6605512,13.19149983,54.6653144,63.94534102,17.89205052
HRTEE,98.26724569,57.93495302,26.56478989,78.10212478,69.16173839
XMTAQ,50.49538273,37.6920154,36.2275034,46.18383551,74.83263985
PVIND,35.92978649,25.83631442,77.66613096,39.36791853,0.996571435
IJWKM,34.99841655,22.49765334,93.16941013,33.97817896,19.0034408
RTQKL,34.72979487,60.33342273,12.51112273,44.32518736,7.76349015
MKPEO,80.58194154,2.49436543,27.94510954,96.37083816,73.20489797
RROOS,19.538469,14.76189435,15.20780683,79.30628758,39.50048017
DCNJJ,60.92806444,26.90894431,49.06509669,42.51225169,47.63179354
IORFQ,42.84303098,80.90866423,0.760569459,41.49003656,5.370139414
NKTJO,44.4599265,11.69213492,72.43272246,64.63738369,58.22869732
WSPPR,56.58034002,62.06111731,23.42140116,86.42214156,41.82900017
DZJFF,33.61800885,25.85220657,53.77320422,7.63888354,65.59644526
TVBDU,14.86165666,49.54948788,63.89805887,65.88992386,16.78348026
XZBEQ,10.9597656,3.307300675,94.91338396,25.23541787,42.13845401
OTMKE,47.87330907,48.9171796,75.1293912,73.59208072,24.90084469
QWRCE,62.71754583,21.89195647,34.80436394,48.5305384,29.26133318
ITTLV,28.61958545,67.47342091,57.4204589,96.64686515,0.284093745
UFUCD,73.0966826,50.7483158,29.70984515,80.90106773,47.8882607
ANRRS,6.298355866,56.60429815,32.64704716,48.49053214,76.94439583
QGIZO,27.14491483,55.00618796,79.95808537,34.44672014,79.06625123
WYFWN,78.29134525,65.54493104,54.5982957,32.7699666,86.78312085
MVRPG,98.74845997,26.40293132,50.94347666,24.72813022,43.59650585
EGLYQ,75.40941348,79.1278579,42.02905413,80.7950679,17.3096909
SZHVD,75.21085522,42.57775117,84.30675074,25.20801787,96.20220303
XNZOX,95.68983809,65.94542439,44.7505217,90.22259969,91.53157459
NZWAM,0.770328263,7.779159401,21.42174775,25.90790319,64.06664744
VGGPQ,73.83718513,31.53198785,11.65411996,28.69016718,26.88478221
GFQGQ,41.68558715,39.03010439,89.67554295,39.86129129,44.87177793
QJFBT,72.70271781,57.52199072,3.233314268,93.7934732,80.91342688
OUKTR,47.89026665,77.55140855,8.976466041,76.14854623,72.3357502
XILKP,7.201616135,25.6807055,84.07698013,4.441027022,16.4018279
DQACG,57.94623847,98.65171143,73.3769373,26.21795826,81.30457641
NNUXD,32.05189611,42.9867015,74.60419675,99.8402499,91.06669997
VPFIQ,28.76801704,47.39603611,74.89523444,90.85714853,54.66797306
NXWPN,97.03169372,14.94307551,3.194179398,47.49875683,63.28035757
RMWCV,50.16070223,6.034254009,84.86487752,7.842109593,77.54497859
AJHRV,5.305599139,26.13368474,19.9916783,91.10175349,75.66725649
FGRSX,24.29938651,45.86387797,31.0704431,78.45415927,72.34263494
FZDUL,23.21948984,75.29934994,82.95395153,85.3437635,71.5760996
TMBHE,41.76701648,37.48559616,49.18789183,80.09016142,98.70523279
XJDPP,81.99163828,42.52278922,23.76255523,54.23569247,75.31243237
KBOFY,41.40448437,49.35741943,50.0074886,11.7447093,91.17008752
DHTBD,59.92451225,15.99620723,45.48719985,73.2354687,83.84165903
CRQYY,89.97538557,84.19969616,8.932359105,27.6047887,20.68318962
RBVAK,5.02421539,74.20162259,22.32894722,32.61445353,17.17981463
MJJFJ,90.85244151,33.10035746,60.19872673,79.25196438,80.47102319
NERDD,91.5811083,49.36374107,51.19880764,68.53812618,28.43892142
BMOSS,98.79738689,78.22839709,70.96461109,85.96589894,2.03565833
DMJNI,11.17218131,22.04587455,88.96037154,51.59083265,44.05280762
AJBME,9.388161489,28.36278466,83.05436647,3.674997686,96.06311901
BOBFI,64.97039307,10.28477589,42.67316075,87.24270441,29.57585947
UAMRO,28.10590966,15.33825988,33.79485451,57.24404515,11.9172084
YGDDQ,51.92818734,6.755699635,67.85842066,47.2648897,22.79667842
NDGZI,77.53784048,15.04772413,39.15592477,87.52165909,93.74283583
IAOSS,57.7713041,12.87123803,88.28978347,60.02446474,22.52768602
YVWJY,58.06896446,92.22781298,93.82799969,25.14290931,35.25319773
IOIZG,0.931772687,7.028017346,12.59764941,88.76544422,77.78636179
LHWLQ,45.23286369,73.65065959,78.40464038,79.15505009,87.15724325
VZJAJ,29.5030842,90.327705,67.18294443,27.41595467,92.35321702
JWBBV,9.218407121,61.43265093,98.3827175,46.79055688,17.989193
WXMQG,79.20314896,7.310245771,62.1708974,10.40894126,86.04086885
EHLDE,7.079490773,68.06938277,86.11043507,38.64426729,52.92589788
AJZTM,34.35583329,93.85220426,55.84699672,15.16548866,21.96610304
LYHUT,42.03278847,53.85196247,24.47376915,0.64824441,47.58340421
REVAM,10.86827272,39.69119944,12.78053777,98.88324221,31.84252044
ESFPU,93.43733619,72.74538792,81.41907529,23.07737883,79.55725917
RIQRV,64.12532759,60.26485854,16.15952486,3.417393902,77.50765584
NXCPQ,89.2368033,94.18741642,14.42415964,55.28489378,36.90989527
RSJVB,17.64427179,68.87037741,19.93574474,0.183101159,82.65063586
UPMBY,62.46050747,6.429327212,12.60777184,90.07222107,5.175925741
OYLWK,30.90665818,41.85755962,80.50365553,87.37603284,27.353922
CGQPM,77.74176534,88.48829192,37.48199617,88.3478309,23.11971008
OUREZ,55.36133211,68.76262037,93.50047256,99.32153509,54.72589152
JXEEM,8.954779404,55.35541839,21.85171104,40.00481439,33.94467721
MOUGF,53.25746956,5.957626171,84.32250974,72.3215244,23.02330906
DIMKJ,75.84074093,64.46805772,65.62884883,42.6199749,58.23702196
ZJHVV,47.03347283,30.28190597,42.55202279,49.74464627,31.64252144
INNYR,74.92571673,77.51403303,46.37889939,33.56482609,70.60605103
LLQUF,99.6827813,23.19911327,31.51278705,76.82573753,21.52874971
FPSKJ,7.693169673,29.6344438,51.20284491,24.25146412,86.2308328
YZBOJ,24.57389702,60.36471563,59.86039689,79.7315966,70.58955562
LVTIA,21.75575965,66.084951,52.55230059,1.687476337,63.28938186
QPGBY,12.25647817,54.343247,32.70015048,98.4152406,68.31525268
MYALY,16.21390875,59.26845165,67.61149027,0.196996011,61.28998656
HSUNF,97.86528334,14.51720526,48.46204652,3.919465151,74.90115143
HZDKN,13.57869649,22.08634768,66.69973637,36.42018866,0.066239599
JSWLC,56.30075912,44.00176403,50.3287482,51.43325772,44.73202518
LMSZH,78.62716144,0.128395655,92.08592405,3.188152364,77.630675
BPLCD,95.86114634,39.11360901,6.500589859,83.47521873,7.003011975
UKXKZ,33.31263583,61.68110105,42.30804776,5.778788899,50.56384917
MEFLV,97.71942305,51.1620765,5.659418543,54.52016268,7.382073314
YCNHU,75.0286169,5.973583971,47.90649645,31.48240504,3.172397644
XONEP,65.54491222,73.0324769,99.06944728,47.82934762,64.91211498
RUDHQ,11.17393335,46.76536645,42.76962569,12.1586672,40.45010227
FDBVE,66.57438343,95.16157481,99.92666586,86.01175033,9.179264774
RUZXR,49.45478875,38.06696611,77.46800957,52.95488352,62.14728299
POSNK,76.93421187,72.36258115,0.95470148,62.9829601,17.88046755
BVNVX,39.7265056,52.15446529,34.04440327,44.88462546,93.23634423
MQULP,97.00532221,10.5802458,93.95713583,30.11173133,99.98020315
YFUCG,7.809697467,40.54998203,32.47131017,35.07125515,73.72698183
WVAWZ,66.72449543,69.30202301,44.78804381,48.06256699,30.08332585
GVBEJ,19.28680121,92.64451304,63.56797751,17.96641692,91.3065063
HNHUT,8.664481314,16.8510798,58.13347162,27.88511817,68.96366578
ZLJAU,91.97831647,80.35626247,62.63112438,27.52731355,57.08380141
XGITA,14.47899713,12.18964574,39.92564626,42.42308024,25.82894511
YFCCZ,56.39925513,30.60341938,39.66923362,78.49833797,48.65921054
JDRQX,46.33688122,74.60776934,63.91037286,87.79745437,55.0653727
LFBYO,2.103949833,15.5512877,63.7332683,16.66758763,46.98077232
SQXOF,23.65374156,58.5236547,94.8901165,81.55664287,32.88287064
QHZZG,87.96263703,27.83989742,86.96518315,36.91522916,62.71073508
OFLAT,13.7162582,91.84253844,90.56906676,34.67379912,26.18427491
PMYDP,56.18699457,61.27742858,10.51149002,80.26323682,81.16261954
ZUOSH,74.30204981,55.02721148,55.16415825,61.41724437,87.31029931
EESBF,33.57908979,22.60207219,80.61532115,1.018886275,67.32548465
QXLJV,95.94705459,62.26723984,78.17543507,48.5673948,21.72947954
KOOTO,47.214361,11.40156847,97.92281606,79.62360176,62.16545981
SNBVJ,10.4438175,67.00946083,2.9260191,50.92850138,41.86253713
RKABS,72.3647555,29.32405587,2.562666697,79.99735434,61.09358582
CKGFY,33.00345289,17.99042894,45.20714331,21.1829674,20.09302416
SWRRH,74.42608767,87.67186488,31.42263492,42.52105029,74.72076512
TCXEP,61.23788562,49.24465025,81.74619276,97.23163015,5.47866737
KYKKH,79.00330512,75.70514092,95.14284064,55.47374671,73.12753434
TXQWH,64.86557437,47.60127283,7.77359679,60.88540549,33.64950529
ANHRO,43.26508874,91.72686894,37.08713596,95.33249438,24.60997403
JDBOB,8.813045925,77.99145785,22.55620376,19.23163406,77.76916069
REFVP,4.633859976,19.51465577,63.38409948,32.07753679,67.29157326
HMSGR,13.98248039,16.84217937,81.98768126,39.84282115,89.42676473
VHZAP,51.83951921,14.49535929,19.22491883,11.2651303,58.79967354
MDMKU,32.30166884,82.61069128,79.19365159,52.28660136,89.23051248
NISEO,84.21163994,87.70853226,72.86162416,26.02993014,67.26239773
NFCHW,72.03111827,48.24621004,62.23143571,36.55498073,27.94872164
USGNZ,71.42336973,4.093105316,82.6959031,76.51553642,35.15790542
HDHOL,91.70739474,53.48753129,44.77704316,70.17851519,19.1086174
XSWVV,32.36451255,40.91273424,83.65061422,22.90596074,40.25247931
ENJRW,47.30685176,0.966653902,66.0939471,85.54962088,9.254076524
ULEIF,61.02524006,12.93567745,17.96341405,46.8788205,56.45138578
JBPLZ,74.54822408,83.65607027,51.52743058,42.03214296,85.92929208
VOMDK,80.11662316,30.56743482,33.92935041,25.11682571,1.089536764
JKCGU,2.19097213,92.95666023,92.15111773,45.66599868,42.49926699
TDLVK,66.81949112,16.99979434,86.70674896,64.60299933,47.01051223
QWCDS,84.81206263,99.68600642,77.6942955,97.03171311,28.16167017
BPBOI,28.96949298,63.9900863,47.42341714,68.3180796,32.55982771
UHREN,0.142780075,8.962241639,28.59382498,39.42098798,89.61703026
JFOFF,66.49024774,22.8413285,57.37674527,65.84679588,12.90543405
VHAWF,69.25770778,24.35553088,29.94174086,48.48065108,72.37379405
CQCCS,25.5743836,76.5215551,13.49928241,21.17502319,8.416503594
BFZRK,69.17368694,86.81484625,14.90074528,38.84342819,5.00118955
PSNYK,61.68189838,47.00378451,13.59989201,17.2894462,10.44350029
GPEPT,92.65746595,4.818306865,42.44203097,79.93406953,75.45028718
PGTCS,29.17898786,28.76945845,64.11562627,7.050526729,95.1435336
OCNIO,38.2802146,2.972192763,1.796392011,87.21965632,33.50610216
TNAXT,90.53895979,58.16523257,79.55015487,96.3735774,45.17335486
NSUUK,91.16898098,37.20896332,24.52331304,75.87435961,50.35069877
CLXRV,5.724572946,12.13495712,20.16164299,89.76037477,14.1221789
WKTJE,7.393935568,9.454155156,45.89532709,50.35500925,92.93449369
WIXYK,46.71728703,59.08335623,67.84857096,97.43964473,79.27516919
KMRPV,4.097863944,57.78775761,95.89973917,9.008544614,95.8034678
UVLUZ,64.28322653,87.8520558,78.42652395,81.36252713,53.71953402
NPPAP,32.20614808,20.1794697,39.05506739,42.60157086,53.88269046
LLPWZ,99.65974059,52.27633284,65.28778248,47.50980058,55.78454517
KLCQH,51.67888212,88.67661546,22.10975768,76.76512893,77.61783329
CCTIU,20.79087094,87.6119258,15.71960013,51.53187031,10.62253411
TBYRX,59.09386093,83.59266582,94.39034545,50.53474678,63.62890423
VGSJS,41.56648052,0.139008388,57.93008534,53.54363398,65.31713567
SQQDR,23.48565401,6.331342772,62.71009028,42.34022787,79.52342637
FIKJN,73.59268983,54.5023301,17.10374133,71.13108643,60.22200029
GVZYU,42.57844125,73.53723506,94.46081503,36.57025025,88.54295905
CQVGL,18.38666467,41.42345498,74.7541049,35.80081763,98.52064253
KWFOR,2.364467315,11.86410448,94.79711366,34.60135401,5.828098593
RODGU,25.87882652,98.89353176,71.18549877,43.660769,10.42944859
YKZCS,54.98574773,89.38626084,54.67260081,61.31915493,49.86242457
BPWNY,22.9072229,89.62385876,45.0324774,35.11056606,94.39288587
KZCOL,42.85183667,2.54476865,25.33330047,77.62977434,37.64649252
SSJGX,72.51131142,25.29363474,62.00147632,64.58675762,40.52849671
SIWDY,47.4335693,70.31954751,35.88063774,24.61039828,53.90741053
YVTNG,29.22046959,74.8875655,59.58433407,49.18347902,58.45821955
RBCZT,20.09210309,70.3351874,60.70189514,45.17489649,25.33607069
FEKEM,15.26220753,50.8317766,48.14414698,73.48755089,92.84600448
HMKVM,60.94729299,55.92673478,8.316285793,22.1436381,56.28207491
QOVWP,22.0574952,52.26215017,74.7209142,75.2424955,56.67622995
JDBWN,25.41501165,2.671411495,12.50391267,17.83130629,62.9895197
PYIZA,8.155745813,27.62463575,6.451942145,88.21483113,76.35763608
PQYQW,17.76766637,44.53418957,20.08753721,99.36600691,6.195019081
JFTRZ,62.23089169,92.5150686,64.6056603,51.0330796,8.63444674
JFTWW,7.259319891,53.35277695,37.69628262,71.77009504,4.520768457
BEVUO,61.6039119,75.58679688,22.50463831,81.18037796,46.89045212
KDMEM,71.23475912,19.18092593,17.43584109,81.38746445,69.83450347
NUUGI,19.23511184,74.5494089,83.16922258,14.32003459,79.43358732
SXRFD,5.291635832,68.29836085,26.55866016,36.41765377,65.67863363
ZQESZ,27.4281311,24.86745067,93.94970284,61.04703635,85.62047612
OPSWS,56.85006057,80.69813646,81.68926731,20.20810725,55.74802519
DTTWI,69.99350229,30.45220117,47.62929658,59.17814316,21.32448601
WLWHJ,23.81852851,73.31324682,93.5272655,99.37563765,16.49954101
BWOGF,0.400689355,91.88206479,30.55798317,30.80313929,82.27500966
HKLDJ,94.55284569,5.274233224,92.13413631,89.98202357,17.92957103
ZGLUT,95.37425063,87.32183076,54.02156127,59.52458901,33.94649388
SFMJG,24.31783401,6.620763246,32.41244766,0.01737423,42.50922609
RDPYB,73.19050242,38.76689586,45.30970081,40.46621212,66.5589896
MHZVX,91.54156326,40.02856891,90.68824954,70.80651244,63.76544201
PPRCA,35.47495692,14.74328332,61.82815779,2.709202472,67.41138322
OFBCQ,23.73881376,4.029831435,84.07077518,37.27922877,90.04178295
MXTMT,42.68283211,0.190098282,75.54152367,69.76024917,42.31885894
MWIUW,31.67988723,72.59534014,72.34603596,76.44260953,27.95377565
WZKQL,58.51286911,96.08471247,9.339691835,73.31931792,70.68525264
RGGYH,1.949758832,80.7633278,20.54968244,27.9454662,64.25807839
HMFCP,0.807732367,88.08297068,36.71993679,34.96339306,87.02531196
OHLMR,44.45498188,44.02742675,95.75609407,31.90901149,48.56221102
STBZD,35.62815304,47.03687941,38.12322937,35.39779317,85.62948059
DNKBK,45.81895327,42.9446554,56.15843815,44.25145648,66.81810494
GVQTT,0.773193811,17.30456208,72.82433365,7.722816518,31.34635147
NAQOG,99.69896353,95.12923691,96.28052789,5.436423168,60.47680782
MYBCS,85.42286803,58.00148799,40.58737817,95.34116869,28.92062464
PQEUF,1.538681843,81.10256146,31.41810629,72.30579485,1.788305187
QWXIF,56.96414701,46.84656968,98.18677931,43.62975802,47.84367546
GGNVG,82.49728091,16.90377792,2.580066512,13.96711405,45.94139428
UWXHK,76.16244644,80.12302313,8.7736435,57.44908749,88.98066504
FMNPP,23.00592626,66.31801158,14.5815758,64.14127121,24.57315267
RTYYD,91.93030745,12.12867604,91.65904904,35.20023909,0.505282185
FRFHF,30.46819346,0.833561796,63.92562775,19.02957951,45.99110452
LZBHQ,53.0901593,65.58807534,82.93610444,90.17901072,53.81075611
XVLQR,53.63165983,99.63376455,50.32189199,15.59955925,65.99439017
EBWDY,56.88271424,50.32589546,39.9686611,53.67784838,2.132972195
DEVGB,70.519483,31.7089227,63.67575685,67.44927462,18.44828389
APBCA,47.4411454,20.11634598,42.62199542,88.08205598,97.2673593
PYLGX,61.02085913,76.9898002,45.11318626,35.16475677,81.45097942
VOMNE,66.30806449,18.29746959,69.06631412,68.80589102,62.23078872
SXYZD,22.64526253,92.55118678,6.112703466,92.73131117,64.00459658
FTKWR,44.13422832,50.72411076,25.12243804,79.75727643,24.44276169
NZFIX,13.43280753,89.45351566,24.67998747,7.843227555,47.01919315
DQZPH,17.7933672,71.39629753,93.56620078,65.00266436,61.41443774
NMWTL,30.78798301,93.85636417,3.770204125,62.06524412,45.15238567
MTEEO,42.74286886,35.3803054,46.98441398,59.47788131,37.5553107
LZUUH,18.90823506,58.03909207,39.16571947,58.34936239,84.96025455
QXUWE,56.01028591,15.81272283,84.06075329,20.80026607,75.77071445
GFPWJ,37.14219408,62.86830013,5.559265897,98.9159532,12.58464281
GMXKX,39.51282773,22.92767854,44.8435002,18.85033379,0.770892253
DUKVD,37.42666256,58.42183365,66.39527344,40.36529363,89.72750067
UNHOK,10.3245684,64.73549756,57.92955712,99.71362353,74.5980611
ZFRQT,71.02935833,5.165137758,21.85636775,58.76540537,71.43802558
IKLRL,85.53849642,0.150620223,64.63134607,24.10668207,88.28171427
QTWHO,29.23638797,83.24965498,56.79443844,14.78774088,87.43070393
GEJPY,19.62475204,70.82168941,69.64686288,3.299755896,51.60676936
RMZVR,92.3292,22.93438781,65.79970841,64.7403424,56.08418265
NGZAP,18.43349666,86.30372501,0.123786844,12.10577897,6.608953585
GOZHW,1.717279473,39.03275808,49.51903659,64.48359501,39.32454105
FOQVJ,45.91229736,55.39326066,14.29170626,41.20064796,79.2233109
JMMEV,93.63377102,59.74476587,53.03924405,80.3638419,46.037536
FTBOM,15.56752062,43.45664109,92.63144131,46.57582755,22.43234732
JTNXQ,25.61571975,65.22274665,7.887748826,70.55201423,99.34304082
MNWAR,21.71544337,51.31981721,85.71029955,90.0698284,63.05164285
GDIOV,97.95670934,98.66775432,52.84032855,23.02903706,74.19437812
YHEDK,70.78920428,92.91440735,60.36846179,76.14905988,98.69051766
ODKCK,35.65013975,81.7050724,2.453231624,48.15373357,84.82232388
ZVNXJ,81.59709487,76.86475826,78.22389132,83.54528852,33.27121787
ZHQOV,32.17600565,30.76844717,39.30849625,56.84747959,74.99851047
YYWNE,6.150092828,45.33973433,54.83306561,84.35660515,39.94107877
RQPNW,59.0099782,17.7630715,76.55283669,23.67666312,35.72072539
NNNSO,24.698533,79.58502412,41.01246536,5.019634462,68.50987017
FMEZT,79.63107686,8.018497825,20.42925542,72.17748803,93.85806123
LULIK,78.00730983,52.80511184,96.662164,56.57938241,31.08006209
XMRQI,37.87729431,15.95001374,6.973450067,2.582760073,95.04849967
RSEQM,38.46279879,65.6899356,72.26975724,75.51378775,87.93066833
MAXVC,52.61834579,9.371057855,63.33575569,4.696675673,97.50474772
DVFOA,80.66554145,68.92736205,76.24555384,70.63943293,62.2252127
VCXUR,10.80800464,66.35558363,3.472438768,35.72447928,75.83133236
GUQKJ,72.96525168,6.901763985,65.46680406,77.33677228,88.73981693
QTYXL,14.09504415,30.96483785,7.013442082,83.77935994,40.86916442
YHEHY,97.66812723,74.65327996,23.99375238,91.95085756,22.95874575
DAUVL,34.67884292,76.3560949,21.23173332,42.70337163,60.56213501
QMQTG,54.54224414,32.37659174,33.7324176,98.83321443,10.26443671
UJFAQ,2.884127365,58.97593476,21.01740207,53.11041162,65.86095764
KXVQR,86.93409006,98.87207081,34.84306248,22.31716638,99.59243069
SRPTI,46.24971904,15.29705456,87.27757436,91.33642592,6.117377319
QVYDR,3.540292629,73.13085802,54.22503779,14.30817767,73.93524921
DCGRK,34.04808194,14.80004011,31.09669759,45.70119838,10.70298902
OMGMH,53.79164331,86.95428529,17.27122709,95.38821903,8.820003703
JBCIQ,18.55600456,56.25838054,53.84237348,95.44917633,86.91642204
SWIFE,8.896115522,33.01078356,55.46223934,82.61393842,19.44161181
WQGFH,13.43752286,31.05506283,8.902915137,10.49639378,97.42461284
CSQQF,26.33293155,74.37083133,57.93726938,90.11136539,45.95107817
QQSCO,62.8793523,80.39558907,43.69670421,64.81279585,25.06118328
LJUGT,88.86681625,24.4167436,72.10713832,28.57946752,33.91894288
ZVHEQ,83.82380111,24.22344505,59.97670359,55.23440351,37.62892259
OGGBF,35.38815196,33.92319699,58.7885019,96.76311336,21.87908366
EXFZN,98.87525326,51.88644192,29.66327213,74.98830787,37.1878599
IRSXE,42.64826259,19.98600421,46.91466665,31.61455078,87.88082307
LIVND,94.74195211,29.47578658,60.61789168,64.84581929,80.36578722
