PBA,PBA,SQFT,NWKER,WTCNS
1,Hotel,46451.56495,165,102910.0896
1,Hotel,46451.65786,200,91893.39577
1,Hotel,139354.6949,1200,250550.4341
1,Hotel,65032.19093,250,139622.3131
1,Hotel,44593.50236,75,70039.65452
1,Hotel,26012.87637,71,35312.02154
1,Hotel,92903.12991,856,165160.0063
1,Hotel,37161.25196,800,20568.02826
1,Hotel,37161.25196,200,37463.06109
1,Hotel,39948.34586,350,87735.4772
1,Hotel,26941.90767,12,39265.71876
1,Hotel,74322.50393,650,127637.5749
1,Hotel,25083.84507,95,44675.56629
1,Hotel,26941.90767,175,32816.60356
1,Hotel,20438.68858,5,16086.0786
1,Hotel,130064.3819,400,216106.7281
1,Hotel,130064.3819,2000,427255.6563
1,Hotel,26941.90767,60,34447.63377
1,Hotel,46451.56495,110,48786.98489
1,Hotel,19974.17293,175,25279.0982
1,Hotel,38090.28326,150,31842.20874
1,Hotel,39948.34586,250,37866.54643
1,Hotel,42735.43976,150,69033.51071
1,Hotel,33909.64242,75,60984.26637
1,Hotel,46451.56495,165,83510.89302
1,Hotel,46451.65786,525,88081.92398
1,Hotel,28799.97027,15,44883.65179
1,Hotel,26941.90767,15,37312.39874
1,Hotel,30658.03287,80,21482.14421
1,Hotel,30658.03287,20,26638.0937
1,Hotel,139354.6949,600,216993.2863
1,Hotel,139354.6949,800,235825.907
1,Hotel,83612.81692,75,102865.0735
1,Hotel,31122.54852,80,37184.05518
1,Hotel,37161.25196,71,30132.7933
1,Hotel,44593.50236,350,121949.851
1,Hotel,46451.65786,100,85509.97712
1,Hotel,46451.65786,110,48387.42426
1,Hotel,55741.87794,250,91678.82662
1,Hotel,19974.17293,100,20448.05499
1,Hotel,21832.23553,150,31280.1117
1,Hotel,25083.84507,80,44411.19629
1,Hotel,25548.36072,175,28651.72287
1,Hotel,24619.32943,125,46508.589
1,Hotel,21367.71988,20,18824.15044
1,Hotel,55741.87794,300,69604.90472
1,Hotel,25083.84507,60,45572.15428
1,Hotel,139354.6949,750,252845.7977
1,Hotel,55741.87794,170,83620.76681
1,Hotel,74322.50393,110,81498.64477
1,Hotel,55741.87794,30,137481.1459
1,Hotel,21367.71988,2,16584.06291
1,Hotel,65032.19093,75,75403.14138
1,Hotel,23225.78248,250,32543.90263
1,Hotel,55741.87794,80,77623.70225
1,Hotel,55741.87794,300,109771.4753
1,Hotel,39948.34586,400,48081.57222
1,Hotel,27406.42332,20,32246.62984
1,Hotel,26941.90767,20,43895.88691
1,Hotel,65032.19093,300,91516.84741
1,Hotel,30658.03287,100,43936.86624
1,Hotel,25548.36072,75,48643.07571
1,Hotel,38554.79891,300,58206.53554
1,Hotel,37161.25196,110,52414.81887
1,Hotel,39948.34586,100,59080.72601
1,Hotel,22296.75118,100,47428.92211
1,Hotel,25083.84507,60,24951.87524
1,Hotel,29729.00157,165,160100.5636
1,Hotel,21367.71988,50,27269.78172
1,Hotel,37161.25196,550,16551.32971
1,Hotel,43664.47106,200,46986.01703
1,Hotel,24154.81378,250,47589.91711
1,Hotel,139354.6949,1200,147190.0109
1,Hotel,25083.84507,175,19527.45237
1,Hotel,130064.3819,400,329751.6409
2,mixed development,20438.68858,475,15072.60926
2,mixed development,22761.26683,356,29352.02977
2,mixed development,27870.93897,333,39887.8524
2,mixed development,31122.54852,1250,80015.60593
2,mixed development,19974.17293,250,10538.71166
2,mixed development,31122.54852,1000,17234.57502
2,mixed development,36696.73631,910,16536.11539
2,mixed development,23225.78248,175,10128.31568
2,mixed development,139354.6949,2000,112448.6869
2,mixed development,55741.87794,880,48556.09305
2,mixed development,20438.68858,100,8760.422947
2,mixed development,31122.54852,178,11205.32842
2,mixed development,65032.19093,1250,48298.62763
2,mixed development,21367.71988,75,53992.07203
2,mixed development,24619.32943,130,6255.535385
2,mixed development,38554.79891,220,20020.09774
2,mixed development,41341.89281,300,8704.971233
2,mixed development,65032.19093,450,18730.42369
2,mixed development,22761.26683,65,80919.4195
2,mixed development,25083.84507,65,50496.11264
2,mixed development,92903.12991,528,156995.2676
2,mixed development,22296.75118,900,8054.071497
2,mixed development,41341.89281,175,137780.9353
2,mixed development,36232.22066,175,61017.56586
2,mixed development,21367.71988,60,42518.31262
2,mixed development,35767.70501,70,78908.43407
2,mixed development,27870.93897,300,8129.737301
2,mixed development,92903.12991,1200,298132.0657
2,mixed development,43199.95541,371,14373.79835
2,mixed development,74322.50393,260,23024.8926
2,mixed development,26941.90767,915,13686.57988
2,mixed development,55741.87794,900,24593.54228
2,mixed development,22296.75118,300,38882.08411
2,mixed development,55741.87794,317,36006.77147
2,mixed development,22296.75118,102,5071.659006
2,mixed development,24619.32943,23,2339.934536
2,mixed development,40877.37716,120,21231.39563
2,mixed development,29729.00157,146,13152.65234
2,mixed development,26477.39202,75,13605.50851
2,mixed development,21367.71988,50,6825.87251
2,mixed development,139354.6949,600,107099.0819
2,mixed development,33909.64242,180,14129.25784
2,mixed development,43664.47106,1000,45120.53367
2,mixed development,19045.14163,58,3503.124405
2,mixed development,19045.14163,20,12421.29296
2,mixed development,130064.3819,351,238324.6864
2,mixed development,26477.39202,80,65802.20297
2,mixed development,130064.3819,1000,162743.4218
2,mixed development,26477.39202,340,22936.11716
2,mixed development,139354.6949,6500,155252.8706
2,mixed development,25083.84507,31,12902.42463
2,mixed development,21367.71988,75,20422.89564
2,mixed development,23225.78248,500,27361.58851
2,mixed development,130064.3819,1100,201574.9994
2,mixed development,41806.40846,100,26634.92001
2,mixed development,83612.81692,600,34411.64209
2,mixed development,130064.3819,1000,67493.21829
2,mixed development,20438.68858,165,11071.6883
2,mixed development,21832.23553,24,29310.19039
2,mixed development,130064.3819,385,172449.104
2,mixed development,40412.86151,231,27940.93189
2,mixed development,46451.56495,80,12527.5479
2,mixed development,130064.3819,1000,98964.13888
2,mixed development,38554.79891,120,48437.14335
2,mixed development,46451.65786,2000,152706.2043
2,mixed development,39019.31456,50,10919.84188
2,mixed development,55741.87794,250,70865.67943
2,mixed development,19045.14163,35,11597.9148
2,mixed development,18580.71888,250,27945.65911
2,mixed development,23225.78248,230,10939.44122
2,mixed development,18580.71888,80,11128.92067
2,mixed development,139354.6949,4750,493869.3724
2,mixed development,46451.56495,1000,55358.708
2,mixed development,130064.3819,80,146401.2557
2,mixed development,21367.71988,31,19628.80445
2,mixed development,130064.3819,1000,192459.393
2,mixed development,55741.87794,200,24782.59474
2,mixed development,92903.12991,6500,109018.3362
2,mixed development,20438.68858,70,25662.89638
2,mixed development,55741.87794,717,121283.9489
2,mixed development,20438.68858,375,20879.22833
2,mixed development,23225.78248,223,17679.34252
2,mixed development,130064.3819,4750,109374.1405
2,mixed development,130064.3819,500,69608.05721
2,mixed development,19974.17293,31,7365.35703
2,mixed development,130064.3819,203,125330.5461
2,mixed development,46451.65786,600,53287.11664
2,mixed development,18580.71888,100,15608.65966
2,mixed development,83612.81692,2500,168645.9541
2,mixed development,55741.87794,115,2892.1986
2,mixed development,43199.95541,100,35664.80964
2,mixed development,65032.19093,200,39192.84507
2,mixed development,24154.81378,150,1134.399555
2,mixed development,37161.25196,200,48769.88392
2,mixed development,46451.56495,1000,56932.50281
2,mixed development,83612.81692,200,81596.55364
2,mixed development,65032.19093,200,54197.89537
2,mixed development,92903.12991,250,49760.68016
2,mixed development,130064.3819,55,65782.9428
2,mixed development,39948.34586,1392,26746.81976
2,mixed development,27406.42332,45,11325.97397
2,mixed development,46451.65786,392,34732.5207
2,mixed development,29264.48592,100,14191.90486
2,mixed development,36696.73631,100,44845.0073
2,mixed development,65032.19093,625,41236.37898
2,mixed development,74322.50393,345,97226.55393
2,mixed development,26477.39202,100,19673.91745
2,mixed development,65032.19093,200,5810.110733
2,mixed development,24154.81378,50,13697.48489
2,mixed development,42270.92411,150,125091.8503
2,mixed development,26477.39202,220,164976.0324
2,mixed development,130064.3819,1000,402881.5406
2,mixed development,83612.81692,900,7055.295611
2,mixed development,21367.71988,80,23926.53789
2,mixed development,27870.93897,500,26228.23373
2,mixed development,21367.71988,80,33007.00363
2,mixed development,36696.73631,275,37544.72298
2,mixed development,36232.22066,80,13576.56678
2,mixed development,22761.26683,300,45689.93504
2,mixed development,34374.15807,300,20451.71624
2,mixed development,23225.78248,115,9388.731355
2,mixed development,21832.23553,700,50374.48591
2,mixed development,21832.23553,169,10063.33381
2,mixed development,26477.39202,175,12234.08172
2,mixed development,19045.14163,130,5447.362463
2,mixed development,21367.71988,60,4719.016267
2,mixed development,25548.36072,202,12424.51813
2,mixed development,40877.37716,500,40899.853
2,mixed development,23225.78248,350,10325.49617
2,mixed development,23225.78248,301,12703.63912
2,mixed development,46451.56495,235,34274.08635
2,mixed development,19509.65728,140,11876.2242
2,mixed development,24154.81378,100,7458.614391
2,mixed development,31122.54852,300,30215.49391
2,mixed development,20903.20423,60,12602.5929
2,mixed development,19974.17293,60,13518.82262
2,mixed development,28335.45462,75,2043.464253
2,mixed development,23225.78248,210,23285.65284
2,mixed development,42735.43976,250,14253.09525
2,mixed development,25548.36072,158,16020.01865
2,mixed development,26941.90767,125,15560.48502
2,mixed development,22296.75118,126,11823.37079
2,mixed development,34374.15807,56,6293.465193
2,mixed development,26012.87637,125,3120.501219
2,mixed development,18580.71888,50,3158.076713
2,mixed development,26012.87637,225,7277.078241
2,mixed development,18580.71888,182,2522.146003
2,mixed development,30658.03287,500,17450.84609
2,mixed development,30658.03287,175,12200.41277
2,mixed development,24154.81378,100,9191.381276
2,mixed development,35767.70501,50,36053.33504
2,mixed development,25548.36072,250,4242.042494
2,mixed development,23690.29813,130,13984.36143
2,mixed development,27406.42332,125,66703.79375
2,mixed development,19974.17293,140,3482.549945
2,mixed development,20438.68858,75,3864.609862
2,mixed development,19509.65728,90,2785.955769
2,mixed development,38090.28326,220,14924.01829
2,mixed development,44593.50236,250,4167.896911
2,mixed development,21367.71988,95,6621.172679
2,mixed development,19045.14163,116,11108.8792
2,mixed development,27406.42332,194,6715.344595
2,mixed development,24619.32943,187,10340.50759
2,mixed development,19974.17293,60,1923.666625
2,mixed development,40877.37716,298,31965.45867
2,mixed development,21367.71988,75,3109.917213
2,mixed development,24154.81378,195,8238.190811
2,mixed development,31122.54852,275,21991.73308
2,mixed development,46451.65786,850,68612.71848
2,mixed development,32980.61112,167,16332.42702
2,mixed development,21367.71988,101,3363.551796
2,mixed development,40877.37716,130,25930.13421
2,mixed development,24154.81378,179,9621.428079
2,mixed development,35767.70501,225,13668.6552
2,mixed development,26941.90767,220,4118.102114
2,mixed development,25548.36072,147,4059.407061
2,mixed development,23690.29813,90,6386.001812
2,mixed development,21367.71988,120,6991.176823
2,mixed development,29729.00157,202,14004.32416
2,mixed development,19974.17293,108,6597.863639
2,mixed development,19045.14163,122,8632.261077
2,mixed development,39948.34586,350,30500.72001
2,mixed development,26012.87637,200,11288.49539
2,mixed development,18580.71888,100,12516.20379
2,mixed development,24154.81378,132,29475.46745
2,mixed development,19974.17293,100,3087.864928
2,mixed development,25548.36072,300,47661.34628
2,mixed development,37625.76761,150,23365.13131
2,mixed development,30658.03287,100,18662.96769
2,mixed development,19974.17293,75,2516.59205
2,mixed development,20903.20423,60,5365.927695
2,mixed development,22296.75118,168,4805.729411
2,mixed development,19974.17293,150,4643.962186
2,mixed development,30658.03287,225,12670.77873
2,mixed development,25548.36072,112,3554.7362
2,mixed development,22296.75118,285,12297.59787
2,mixed development,30658.03287,500,15716.22284
2,mixed development,22296.75118,140,15039.82458
2,mixed development,19045.14163,75,4639.026012
2,mixed development,35303.18936,235,9384.170693
2,mixed development,23690.29813,100,13206.78067
2,mixed development,46451.56495,135,14432.13606
2,mixed development,24619.32943,193,16409.68876
2,mixed development,28335.45462,130,7846.88238
2,mixed development,45058.018,250,22174.94692
2,mixed development,22296.75118,50,3658.810748
2,mixed development,19509.65728,130,9950.580077
2,mixed development,21832.23553,120,5858.815332
2,mixed development,19974.17293,75,5035.621903
2,mixed development,37625.76761,200,61701.01407
2,mixed development,39483.83021,530,63557.16109
2,mixed development,32516.09547,1000,13930.33
2,mixed development,46451.56495,80,23475.00813
2,mixed development,30193.51722,500,15212.3454
2,mixed development,25548.36072,380,8515.773412
2,mixed development,37161.25196,400,15543.73231
2,mixed development,18580.71888,254,4256.95701
2,mixed development,19045.14163,200,12584.66217
2,mixed development,83612.81692,3000,48203.88336
2,mixed development,46451.56495,2000,22748.91501
2,mixed development,24154.81378,700,13931.57161
2,mixed development,19509.65728,500,10013.54507
2,mixed development,37161.25196,400,18087.2795
2,mixed development,27870.93897,100,10856.53468
2,mixed development,21832.23553,500,14570.69115
2,mixed development,23225.78248,800,8975.958135
2,mixed development,22761.26683,300,9290.867907
2,mixed development,39948.34586,800,20427.54716
2,mixed development,26477.39202,675,11955.44829
2,mixed development,35767.70501,800,37781.44435
2,mixed development,27406.42332,500,16253.34527
2,mixed development,74322.50393,350,176706.4607
2,mixed development,23225.78248,950,46248.59796
2,mixed development,130064.3819,1000,47090.26419
2,mixed development,27870.93897,360,79263.28749
2,mixed development,32516.09547,600,69464.0693
2,mixed development,83612.81692,500,180751.2289
2,mixed development,23690.29813,100,61740.77298
2,mixed development,55741.87794,1605,94457.85963
2,mixed development,55741.87794,1000,101025.7337
2,mixed development,130064.3819,4750,234057.3816
2,mixed development,19509.65728,100,24878.64725
2,mixed development,65032.19093,2000,183982.3004
2,mixed development,27870.93897,250,55990.57166
2,mixed development,22296.75118,250,36197.28358
2,mixed development,130064.3819,800,87325.06002
2,mixed development,19509.65728,200,35330.11277
2,mixed development,139354.6949,4000,119196.4558
2,mixed development,44593.50236,1400,69429.2193
2,mixed development,139354.6949,6500,699940.5728
2,mixed development,92903.12991,1000,95143.37013
2,mixed development,23225.78248,1300,84238.95455
2,mixed development,74322.50393,2500,130040.1958
2,mixed development,41341.89281,200,102873.6165
2,mixed development,36232.22066,1200,89039.52066
2,mixed development,92903.12991,1800,64163.87752
2,mixed development,55741.87794,1782,19302.92001
2,mixed development,39948.34586,800,105941.3491
2,mixed development,65032.19093,2405,186095.6494
2,mixed development,139354.6949,6500,393774.474
2,mixed development,55741.87794,600,38025.68809
2,mixed development,29264.48592,250,63594.31867
2,mixed development,22761.26683,240,69630.17309
2,mixed development,130064.3819,2500,325538.419
2,mixed development,37625.76761,400,50377.0085
2,mixed development,36232.22066,900,87806.30677
2,mixed development,130064.3819,3250,160982.9366
2,mixed development,83612.81692,500,264265.0321
2,mixed development,55741.87794,500,74938.30514
2,mixed development,55741.87794,1200,51324.06963
2,mixed development,22761.26683,450,62958.41219
2,mixed development,34374.15807,600,53354.40003
2,mixed development,42270.92411,1350,102796.3154
2,mixed development,38554.79891,393,49095.44432
2,mixed development,65032.19093,2000,114721.5803
2,mixed development,35303.18936,800,58263.70431
2,mixed development,19974.17293,240,6795.928403
2,mixed development,83612.81692,1000,69064.76608
2,mixed development,65032.19093,1800,140580.8547
2,mixed development,130064.3819,2500,165077.866
2,mixed development,19045.14163,200,30293.9488
2,mixed development,130064.3819,1000,38485.78197
2,mixed development,83612.81692,1500,120366.3595
2,mixed development,38090.28326,393,13743.68506
2,mixed development,65032.19093,300,72106.74881
2,mixed development,30658.03287,350,46134.42394
2,mixed development,130064.3819,2240,644582.9126
2,mixed development,83612.81692,3750,188805.9424
2,mixed development,55741.87794,2000,119881.6513
2,mixed development,28799.97027,550,82958.96207
2,mixed development,42735.43976,1100,183306.8863
2,mixed development,74322.50393,650,66009.19827
2,mixed development,139354.6949,3750,277267.331
2,mixed development,139354.6949,1400,76648.97129
2,mixed development,130064.3819,6500,270870.0971
2,mixed development,19974.17293,550,12301.91021
2,mixed development,25548.36072,600,68255.43331
2,mixed development,22296.75118,500,32361.0219
2,mixed development,44593.50236,800,104111.1911
2,mixed development,21832.23553,1200,19484.31383
2,mixed development,65032.19093,800,140072.68
2,mixed development,130064.3819,4250,169598.4117
2,mixed development,45522.53365,600,71809.31552
2,mixed development,22296.75118,350,65282.13306
2,mixed development,55741.87794,850,39404.92191
2,mixed development,65032.19093,2000,120475.885
2,mixed development,83612.81692,700,73112.88656
2,mixed development,55741.87794,1800,178728.6328
2,mixed development,55741.87794,2000,83888.56186
2,mixed development,130064.3819,4500,346511.5073
2,mixed development,32980.61112,750,81414.07265
2,mixed development,20903.20423,498,55671.08609
2,mixed development,130064.3819,1400,187685.349
2,mixed development,37625.76761,800,59267.69801
2,mixed development,74322.50393,2100,85795.89671
2,mixed development,92903.12991,1800,122088.5211
2,mixed development,41806.40846,1500,96649.87851
2,mixed development,27870.93897,300,16293.04059
2,mixed development,55741.87794,850,31686.1378
2,mixed development,55741.87794,600,55339.6689
2,mixed development,23690.29813,350,8086.044584
2,mixed development,40412.86151,1000,81749.02693
2,mixed development,130064.3819,3500,365479.6184
2,mixed development,31587.06417,500,115977.1584
2,mixed development,55741.87794,700,68192.54402
2,mixed development,23225.78248,1200,100384.4156
2,mixed development,55741.87794,1200,95350.00203
2,mixed development,74322.50393,3500,155546.0673
2,mixed development,130064.3819,2000,294550.9619
2,mixed development,130064.3819,800,190058.8101
2,mixed development,27870.93897,465,68479.81425
2,mixed development,130064.3819,3000,305265.5588
2,mixed development,92903.12991,1000,64814.17765
2,mixed development,74322.50393,900,88695.43901
2,mixed development,32516.09547,150,22876.40762
2,mixed development,44593.50236,1500,53836.19187
2,mixed development,74322.50393,3000,184074.0557
2,mixed development,44593.50236,1500,106764.4365
2,mixed development,39483.83021,375,117325.0763
2,mixed development,26941.90767,800,45462.92854
2,mixed development,74322.50393,2500,103023.1099
2,mixed development,92903.12991,3500,182441.7203
2,mixed development,22761.26683,400,60204.61727
2,mixed development,37161.25196,650,42266.57074
2,mixed development,92903.12991,1800,197132.3787
2,mixed development,42735.43976,1500,104818.1028
2,mixed development,46451.56495,800,66592.61172
2,mixed development,39483.83021,250,30072.57197
2,mixed development,65032.19093,750,113096.3493
2,mixed development,130064.3819,4250,305451.1863
2,mixed development,29729.00157,750,41882.92398
2,mixed development,139354.6949,3000,75138.55636
2,mixed development,74322.50393,4000,54161.00125
2,mixed development,74322.50393,1700,102886.1386
2,mixed development,83612.81692,1300,62420.35099
2,mixed development,33445.12677,400,39303.34573
2,mixed development,27870.93897,600,65361.7902
2,mixed development,26477.39202,1082,71063.51707
2,mixed development,130064.3819,2000,207896.1981
2,mixed development,55741.87794,1500,90148.78207
2,mixed development,74322.50393,1200,53997.20201
2,mixed development,27870.93897,600,72691.00111
2,mixed development,130064.3819,800,139000.4399
2,mixed development,46451.65786,2000,134238.7909
2,mixed development,92903.12991,1000,139683.7519
2,mixed development,27406.42332,200,29686.4662
2,mixed development,30193.51722,700,87080.79508
2,mixed development,25548.36072,393,58037.86675
2,mixed development,130064.3819,2400,174349.4222
2,mixed development,65032.19093,1600,122374.0592
2,mixed development,24154.81378,600,128274.0688
2,mixed development,55741.87794,1800,81711.23642
2,mixed development,74322.50393,1800,229798.7014
2,mixed development,24619.32943,1000,65109.56682
2,mixed development,21832.23553,600,56478.617
2,mixed development,39019.31456,600,62026.11416
2,mixed development,28335.45462,500,42474.33826
2,mixed development,19974.17293,350,70807.11762
2,mixed development,83612.81692,1200,201233.1497
2,mixed development,24154.81378,500,52722.86342
2,mixed development,22296.75118,400,49605.75696
2,mixed development,65032.19093,1000,131640.9791
2,mixed development,26012.87637,500,28723.99997
2,mixed development,30658.03287,480,39368.23372
2,mixed development,55741.87794,2499,163702.8445
2,mixed development,38554.79891,500,93434.99642
2,mixed development,139354.6949,1600,120727.6511
2,mixed development,139354.6949,1700,126979.3526
2,mixed development,37625.76761,800,76593.21069
2,mixed development,21367.71988,375,48527.23005
2,mixed development,45987.0493,360,78911.88636
2,mixed development,32980.61112,650,9763.47786
2,mixed development,83612.81692,2000,141902.7501
2,mixed development,42735.43976,800,111821.6867
2,mixed development,26477.39202,600,33568.68882
2,mixed development,139354.6949,3250,210469.7227
2,mixed development,74322.50393,2000,75653.62044
2,mixed development,42270.92411,750,53140.44563
2,mixed development,39019.31456,400,95653.36782
2,mixed development,33445.12677,400,21131.83631
2,mixed development,31122.54852,200,28952.40555
2,mixed development,27870.93897,350,44338.61938
2,mixed development,139354.6949,2500,216143.6525
2,mixed development,139354.6949,3500,391345.7247
2,mixed development,44593.50236,1000,113462.8164
2,mixed development,74322.50393,1500,111847.9302
2,mixed development,92903.12991,4000,194300.1561
2,mixed development,41806.40846,3000,115072.5635
2,mixed development,74322.50393,550,121838.9112
2,mixed development,36696.73631,800,54900.4069
2,mixed development,42735.43976,500,67408.96718
2,mixed development,92903.12991,900,98892.62189
2,mixed development,40877.37716,1200,160238.3979
2,mixed development,37625.76761,2000,112632.4761
2,mixed development,29729.00157,1080,33160.41267
2,mixed development,139354.6949,2500,197362.0289
2,mixed development,30193.51722,100,66918.0419
2,mixed development,40412.86151,700,117555.7985
2,mixed development,74322.50393,2000,102048.6303
2,mixed development,139354.6949,1500,128584.3362
2,mixed development,30193.51722,1000,54636.38818
2,mixed development,30658.03287,2500,45088.8725
2,mixed development,55741.87794,600,68652.18365
2,mixed development,92903.12991,2500,112907.1879
2,mixed development,26477.39202,450,40952.58225
2,mixed development,130064.3819,6500,404490.8214
2,mixed development,35303.18936,1000,64641.97177
2,mixed development,74322.50393,2500,112634.7443
2,mixed development,32516.09547,521,67775.09506
2,mixed development,74322.50393,3000,140349.1482
2,mixed development,30193.51722,850,66230.18445
2,mixed development,55741.87794,500,109646.5114
2,mixed development,55741.87794,750,76814.25441
2,mixed development,41341.89281,800,81127.89566
2,mixed development,30658.03287,900,93671.10002
2,mixed development,20903.20423,465,35350.72357
2,mixed development,74322.50393,3000,82936.79774
2,mixed development,65032.19093,2000,92034.65819
2,mixed development,30658.03287,600,53750.40842
2,mixed development,19974.17293,375,36679.89307
2,mixed development,55741.87794,150,28122.71333
2,mixed development,130064.3819,3000,243970.9918
2,mixed development,19509.65728,500,58184.50142
2,mixed development,38090.28326,1000,118098.8837
2,mixed development,74322.50393,2500,181890.074
2,mixed development,41341.89281,650,165886.5325
2,mixed development,130064.3819,3000,174798.9926
2,mixed development,32516.09547,1000,93101.19897
2,mixed development,139354.6949,2500,259550.2979
2,mixed development,33909.64242,1500,33766.77478
2,mixed development,32516.09547,2500,107631.2924
2,mixed development,65032.19093,900,223266.3648
2,mixed development,130064.3819,3500,187513.6397
2,mixed development,130064.3819,1800,159238.6015
2,mixed development,46451.56495,1000,59502.15116
2,mixed development,92903.12991,600,88300.79336
2,mixed development,24619.32943,350,80089.30029
2,mixed development,130064.3819,2300,231947.5061
2,mixed development,139354.6949,2750,248232.1249
2,mixed development,83612.81692,1705,237547.678
2,mixed development,20438.68858,300,28936.9096
2,mixed development,74322.50393,1300,108120.1826
2,mixed development,24154.81378,550,15325.20816
2,mixed development,139354.6949,4250,217140.4206
2,mixed development,65032.19093,800,113461.1266
2,mixed development,139354.6949,800,135731.1782
2,mixed development,37161.25196,175,56982.3612
2,mixed development,130064.3819,6500,283094.9757
2,mixed development,74322.50393,800,87900.89962
2,mixed development,74322.50393,1100,107812.3924
2,mixed development,65032.19093,2100,98029.73011
2,mixed development,92903.12991,1200,108163.8602
2,mixed development,55741.87794,700,72415.9835
2,mixed development,74322.50393,1200,180305.565
2,mixed development,23225.78248,550,41511.95985
2,mixed development,130064.3819,2750,141781.0113
2,mixed development,38554.79891,700,91181.35712
2,mixed development,25083.84507,600,68284.52646
2,mixed development,55741.87794,900,96229.31643
2,mixed development,41806.40846,1500,122983.9281
2,mixed development,46451.56495,900,134787.424
2,mixed development,20438.68858,500,55497.12076
2,mixed development,130064.3819,6500,198066.7117
2,mixed development,65032.19093,1200,25907.80332
2,mixed development,41806.40846,2000,167112.9024
2,mixed development,38554.79891,2000,130332.7383
2,mixed development,139354.6949,6500,173601.9158
2,mixed development,27870.93897,1500,12004.75855
2,mixed development,74322.50393,1500,132025.0589
2,mixed development,26477.39202,400,112622.0435
2,mixed development,38554.79891,500,101205.3136
2,mixed development,55741.87794,1145,109311.866
2,mixed development,55741.87794,700,103630.6349
2,mixed development,37161.25196,650,53529.96431
2,mixed development,45987.0493,1000,68524.04298
2,mixed development,74322.50393,600,80980.84611
2,mixed development,55741.87794,999,105500.1429
2,mixed development,55741.87794,1100,120310.5928
2,mixed development,31587.06417,600,103622.2161
2,mixed development,65032.19093,800,89660.07352
2,mixed development,74322.50393,800,113175.1707
2,mixed development,30658.03287,300,44208.19535
2,mixed development,74322.50393,1000,89081.69316
2,mixed development,65032.19093,1000,52266.28241
2,mixed development,55741.87794,350,57965.99847
2,mixed development,130064.3819,3000,308128.4069
2,mixed development,130064.3819,2500,231093.024
2,mixed development,130064.3819,1900,142303.5554
2,mixed development,22761.26683,475,110697.0081
2,mixed development,74322.50393,1100,119422.0935
2,mixed development,55741.87794,350,93261.27942
2,mixed development,25548.36072,900,33836.98051
2,mixed development,139354.6949,2500,116157.3833
2,mixed development,130064.3819,1000,120050.9016
2,mixed development,30193.51722,250,67002.3233
2,mixed development,41806.40846,700,36412.72792
2,mixed development,130064.3819,3750,265843.43
2,mixed development,26941.90767,1000,56600.12261
2,mixed development,26012.87637,500,32928.76072
2,mixed development,20438.68858,600,74039.49739
2,mixed development,30193.51722,200,92904.68168
2,mixed development,130064.3819,950,85084.06096
2,mixed development,83612.81692,500,135779.5829
2,mixed development,139354.6949,1100,228952.8319
2,mixed development,139354.6949,1616,149912.3143
2,mixed development,55741.87794,700,110307.9709
2,mixed development,21367.71988,100,51354.56792
2,mixed development,74322.50393,1600,108608.234
2,mixed development,35303.18936,700,94977.16034
2,mixed development,74322.50393,1000,135659.9307
2,mixed development,139354.6949,1000,111867.6507
2,mixed development,55741.87794,2500,109405.8259
2,mixed development,74322.50393,500,49620.34744
2,mixed development,130064.3819,2000,422683.1445
2,mixed development,83612.81692,4250,169717.8489
2,mixed development,45058.018,700,58622.05242
2,mixed development,74322.50393,1800,179283.8616
2,mixed development,20903.20423,350,43224.54899
2,mixed development,23225.78248,300,30488.34323
2,mixed development,19045.14163,100,57926.07905
2,mixed development,46451.65786,700,124273.057
2,mixed development,74322.50393,1150,115356.4844
2,mixed development,92903.12991,1500,109132.9494
2,mixed development,74322.50393,2405,142595.8587
2,mixed development,26941.90767,73,37851.07167
2,mixed development,139354.6949,4000,262615.0718
2,mixed development,33445.12677,1200,72913.68618
2,mixed development,130064.3819,3000,357989.7608
2,mixed development,55741.87794,500,74154.48906
2,mixed development,55741.87794,900,141411.5735
2,mixed development,130064.3819,1200,163597.5465
2,mixed development,45987.0493,700,76608.22211
2,mixed development,43199.95541,1100,75628.80027
2,mixed development,130064.3819,3000,218570.8998
2,mixed development,65032.19093,1200,100739.8717
2,mixed development,33445.12677,1000,101296.4118
2,mixed development,25548.36072,875,51124.26055
2,mixed development,130064.3819,1986,123013.3362
2,mixed development,24619.32943,600,22562.01872
2,mixed development,32051.57982,500,109815.0166
2,mixed development,130064.3819,3000,199709.6039
2,mixed development,55741.87794,800,112592.9685
2,mixed development,55741.87794,1150,135532.8469
2,mixed development,32051.57982,700,48876.74756
2,mixed development,55741.87794,650,163955.4071
2,mixed development,20903.20423,200,11712.36137
2,mixed development,55741.87794,1200,126499.8775
2,mixed development,130064.3819,3000,166880.3419
2,mixed development,139354.6949,6500,177852.8101
2,mixed development,65032.19093,850,113380.1309
2,mixed development,30193.51722,50,11444.10602
2,mixed development,24619.32943,100,7838.400034
2,mixed development,92903.12991,250,36318.66805
2,mixed development,21367.71988,250,13240.97353
2,mixed development,74322.50393,60,43574.74787
2,mixed development,22761.26683,25,1435.778758
2,mixed development,130064.3819,75,73420.26791
3,Office,55741.87794,1500,27195.14858
3,Office,36696.73631,1100,26954.33896
3,Office,92903.12991,3500,73137.58561
3,Office,74322.50393,2374,43150.64567
3,Office,27406.42332,1200,10242.02636
3,Office,46451.65786,500,6631.217643
3,Office,83612.81692,2000,64328.67004
3,Office,22761.26683,500,18192.78342
3,Office,130064.3819,1750,22800.99014
3,Office,44593.50236,1500,36050.78821
3,Office,23690.29813,354,8863.086294
3,Office,55741.87794,1500,20305.39349
3,Office,21367.71988,900,8568.036297
3,Office,26012.87637,800,15533.48444
3,Office,36232.22066,1200,15713.93645
3,Office,39019.31456,1000,21038.44268
3,Office,29264.48592,1100,33585.02968
3,Office,45522.53365,750,6096.424003
3,Office,27870.93897,800,13462.11112
3,Office,65032.19093,1500,43458.3026
3,Office,37625.76761,1000,19255.51154
3,Office,65032.19093,1200,29188.64542
3,Office,19509.65728,350,7494.306265
3,Office,37625.76761,425,10085.54963
3,Office,20903.20423,400,14462.73126
3,Office,26941.90767,350,26566.92496
3,Office,19974.17293,800,5633.48653
3,Office,28335.45462,729,15688.64386
3,Office,55741.87794,1600,33664.20834
3,Office,55741.87794,800,19924.34201
3,Office,29729.00157,700,10068.41838
3,Office,46451.56495,2500,14659.34545
3,Office,20903.20423,140,8046.739915
3,Office,74322.50393,600,37786.65611
3,Office,139354.6949,6500,72923.62212
3,Office,130064.3819,1059,30339.80677
3,Office,139354.6949,2300,70200.85544
3,Office,33909.64242,350,7234.502977
3,Office,29729.00157,750,11744.26481
3,Office,55741.87794,1548,34915.52559
3,Office,24154.81378,320,10829.18282
3,Office,26477.39202,135,10046.72646
3,Office,33909.64242,1700,6479.092614
3,Office,39019.31456,900,13340.99314
3,Office,92903.12991,1800,50690.45862
3,Office,39483.83021,1000,14313.32567
3,Office,28335.45462,950,23371.25459
3,Office,21367.71988,200,5148.094005
3,Office,20903.20423,800,12545.01833
3,Office,74322.50393,1574,27393.11341
3,Office,65032.19093,2100,36743.75445
3,Office,55741.87794,2100,30858.27772
3,Office,65032.19093,1200,33973.22499
3,Office,139354.6949,580,32696.12153
3,Office,92903.12991,3750,49217.03169
3,Office,20903.20423,1000,8092.903747
3,Office,23225.78248,500,12483.57052
3,Office,19045.14163,425,5789.094136
3,Office,35303.18936,457,8969.731893
3,Office,46451.65786,600,38353.46523
3,Office,55741.87794,1500,43953.46754
3,Office,46451.65786,300,27303.83527
3,Office,46451.65786,1200,35832.5457
3,Office,26012.87637,520,16094.77898
3,Office,19509.65728,585,5851.050699
3,Office,37161.25196,350,6670.770635
3,Office,19509.65728,300,10742.54236
3,Office,92903.12991,3750,61052.19782
3,Office,19509.65728,600,8060.073643
3,Office,65032.19093,2200,22865.18767
3,Office,19974.17293,625,9763.859429
3,Office,26477.39202,604,5743.254335
3,Office,26477.39202,407,7870.133883
3,Office,25083.84507,400,13965.42529
3,Office,27870.93897,850,12490.49328
3,Office,24154.81378,1000,12828.26996
3,Office,30193.51722,700,15452.48273
3,Office,46451.65786,2500,34033.11926
3,Office,18580.71888,495,4306.412634
3,Office,24154.81378,400,5969.567343
3,Office,24619.32943,450,8818.594099
3,Office,19974.17293,20,6052.398171
3,Office,41806.40846,950,24565.96632
3,Office,43199.95541,1250,21685.13909
3,Office,32516.09547,500,18778.08352
3,Office,55741.87794,1400,7651.061607
3,Office,25548.36072,550,12620.68716
3,Office,31587.06417,1190,12076.19076
3,Office,37625.76761,1900,20405.27077
3,Office,39948.34586,100,4719.867228
3,Office,130064.3819,2500,55282.60309
3,Office,65032.19093,1685,32621.68826
3,Office,19974.17293,400,3907.048851
3,Office,32980.61112,884,16197.77847
3,Office,55741.87794,1300,25736.62405
3,Office,139354.6949,3000,131053.1654
3,Office,41341.89281,500,21554.42737
3,Office,28799.97027,720,7615.006334
3,Office,55741.87794,2000,23718.99143
3,Office,139354.6949,3750,45740.54749
3,Office,23225.78248,500,8045.04708
3,Office,130064.3819,3750,52493.58265
3,Office,28799.97027,900,13533.54635
3,Office,130064.3819,4750,95849.89116
3,Office,83612.81692,650,45021.64967
3,Office,18580.71888,850,8573.575109
3,Office,19509.65728,900,8952.921644
3,Office,45987.0493,500,46131.32596
3,Office,65032.19093,1000,39579.62918
3,Office,20438.68858,500,6874.325758
3,Office,19509.65728,752,7642.727648
3,Office,27870.93897,2000,12440.52284
3,Office,21832.23553,800,21480.29693
3,Office,130064.3819,2200,53678.60374
3,Office,25548.36072,800,19833.91007
3,Office,35303.18936,1900,18727.22578
3,Office,74322.50393,1700,28614.50169
3,Office,33445.12677,1100,13035.73162
3,Office,55741.87794,1600,28913.98213
3,Office,92903.12991,2100,24029.29815
3,Office,139354.6949,6500,50109.52235
3,Office,31122.54852,900,10850.9141
3,Office,21832.23553,100,4804.923876
3,Office,65032.19093,2000,47171.28711
3,Office,130064.3819,4000,62601.95376
3,Office,19045.14163,495,29252.76118
3,Office,21367.71988,470,9479.884028
3,Office,130064.3819,2500,49523.13811
3,Office,20438.68858,400,5985.587198
3,Office,34374.15807,727,14172.89301
3,Office,32051.57982,300,11445.56568
3,Office,30193.51722,600,12518.34784
3,Office,139354.6949,4500,53065.16139
3,Office,33909.64242,580,16681.14202
3,Office,83612.81692,1825,59557.99353
3,Office,41806.40846,1000,21143.37122
3,Office,35303.18936,1000,15643.57022
3,Office,55741.87794,1600,28044.8853
3,Office,20903.20423,1200,7465.888435
3,Office,130064.3819,6500,71073.96177
3,Office,46451.65786,652,33038.63754
3,Office,37161.25196,999,18373.12641
3,Office,130064.3819,6500,68255.89967
3,Office,24619.32943,450,30322.23944
3,Office,65032.19093,1250,28679.46235
3,Office,27870.93897,418,5850.145229
3,Office,55741.87794,925,19569.34928
3,Office,55741.87794,275,36950.44087
3,Office,18580.71888,350,10573.82512
3,Office,130064.3819,3000,40449.93128
3,Office,28799.97027,350,2849.499175
3,Office,26941.90767,400,8012.525865
3,Office,39019.31456,1519,14085.44096
3,Office,139354.6949,2200,127380.1064
3,Office,74322.50393,2000,46051.70819
3,Office,35767.70501,354,11967.25574
3,Office,20438.68858,354,7402.750824
3,Office,46451.56495,1000,17508.56299
3,Office,130064.3819,4000,40448.55642
3,Office,28799.97027,425,8011.378129
3,Office,27870.93897,650,9030.885949
3,Office,130064.3819,2500,92717.32206
3,Office,30658.03287,304,11146.94225
3,Office,39948.34586,807,10415.34666
3,Office,74322.50393,2500,32924.38478
3,Office,55741.87794,400,37022.15773
3,Office,24619.32943,425,7906.982578
3,Office,55741.87794,2000,55219.09602
3,Office,26477.39202,924,7299.539349
3,Office,74322.50393,450,27105.53127
3,Office,25548.36072,900,13149.7724
3,Office,139354.6949,2750,50877.90304
3,Office,34374.15807,500,11764.83321
3,Office,37161.25196,1000,21040.33538
3,Office,27870.93897,1500,20573.78209
3,Office,35303.18936,1200,6036.154219
3,Office,27406.42332,1100,11607.3329
3,Office,130064.3819,6500,150065.8414
3,Office,32980.61112,585,12913.91713
3,Office,130064.3819,6500,66048.13348
3,Office,22761.26683,354,10799.56275
3,Office,28335.45462,1000,13267.68944
3,Office,130064.3819,6500,148687.504
3,Office,39483.83021,1800,22953.7602
3,Office,23225.78248,400,7540.748703
3,Office,74322.50393,2200,15698.38902
3,Office,46451.65786,300,12878.34336
3,Office,26941.90767,875,10348.43575
3,Office,65032.19093,2400,53311.26149
3,Office,74322.50393,4000,30479.7125
3,Office,29729.00157,663,8885.429298
3,Office,130064.3819,2750,43882.16858
3,Office,55741.87794,300,38802.33915
3,Office,19974.17293,800,5931.268079
3,Office,21367.71988,600,5629.107568
3,Office,19974.17293,625,7773.917846
3,Office,39019.31456,425,17014.90011
3,Office,74322.50393,1534,39134.84351
3,Office,65032.19093,2300,40115.8855
3,Office,21367.71988,450,5760.888289
3,Office,27870.93897,400,10795.35943
3,Office,130064.3819,2500,58166.05285
3,Office,41806.40846,1500,35262.46598
3,Office,27870.93897,550,8426.452878
3,Office,27870.93897,1000,18233.10258
3,Office,30193.51722,425,9136.989477
3,Office,46451.65786,400,17172.35196
3,Office,130064.3819,1500,43551.73257
3,Office,39483.83021,1100,14917.45893
3,Office,34374.15807,800,23185.84823
3,Office,139354.6949,1750,19466.80404
3,Office,139354.6949,2000,43843.86023
3,Office,55741.87794,700,18071.92891
3,Office,130064.3819,1200,98356.1445
3,Office,74322.50393,600,5782.979942
3,Office,23225.78248,250,7402.884071
3,Office,55741.87794,120,51898.91594
3,Office,139354.6949,2500,46295.37957
3,Office,65032.19093,3000,30468.11097
3,Office,27870.93897,800,20716.79185
3,Office,65032.19093,2100,15656.89487
3,Office,32980.61112,169,6329.22369
3,Office,65032.19093,2200,60435.57876
3,Office,55741.87794,925,10503.4165
3,Office,65032.19093,1800,27341.92558
3,Office,65032.19093,500,13598.5373
3,Office,28799.97027,1279,16803.15941
3,Office,32051.57982,1100,13758.6026
3,Office,139354.6949,1725,49852.32948
3,Office,29264.48592,500,7513.705734
3,Office,74322.50393,1000,32297.0091
3,Office,65032.19093,1509,25983.19051
3,Office,20903.20423,1100,7274.110479
3,Office,35303.18936,1000,3893.633358
3,Office,130064.3819,6500,70747.36871
3,Office,30193.51722,469,12369.97188
3,Office,27406.42332,300,9588.564663
3,Office,32516.09547,900,29079.98598
3,Office,28335.45462,650,10483.28417
3,Office,74322.50393,533,16550.7513
3,Office,139354.6949,1500,95221.58881
3,Office,46451.56495,1000,16645.83172
3,Office,35303.18936,621,26856.87223
3,Office,139354.6949,3500,42110.4998
3,Office,28335.45462,425,10897.34443
3,Office,19509.65728,900,7449.072129
3,Office,25083.84507,418,17118.53555
3,Office,43664.47106,1200,15412.33013
3,Office,65032.19093,1500,26139.39167
3,Office,26941.90767,875,9142.628223
3,Office,65032.19093,1500,23451.69303
3,Office,46451.65786,300,26978.32332
3,Office,44128.98671,600,21455.85832
3,Office,55741.87794,450,24763.7222
4,retail,27870.93897,185,5903.786003
4,retail,27406.42332,115,9493.272266
4,retail,19974.17293,93,4917.368723
4,retail,23690.29813,136,9866.059443
4,retail,27406.42332,108,9705.264311
4,retail,32516.09547,203,11146.94528
4,retail,19045.14163,81,7469.39221
4,retail,19509.65728,119,7894.118241
4,retail,32980.61112,220,12870.69986
4,retail,26012.87637,178,6135.241112
4,retail,30658.03287,244,9133.294917
4,retail,27870.93897,125,10827.71711
4,retail,26477.39202,276,10363.49866
4,retail,23225.78248,211,8182.275763
4,retail,19974.17293,184,7114.208704
4,retail,26477.39202,163,11022.78989
4,retail,23225.78248,109,7969.30254
4,retail,25083.84507,114,9741.713267
4,retail,25548.36072,131,7072.34207
4,retail,28799.97027,165,8058.235448
4,retail,32516.09547,337,13733.9611
4,retail,23690.29813,140,8185.464593
4,retail,27870.93897,224,11088.65602
4,retail,21367.71988,139,4511.975539
4,retail,55741.87794,453,18722.56518
4,retail,22761.26683,161,8000.34593
4,retail,19974.17293,241,9931.256316
4,retail,24619.32943,143,9800.568821
4,retail,30658.03287,70,11243.10075
4,retail,44128.98671,289,15119.12741
4,retail,139354.6949,2000,48958.01274
4,retail,130064.3819,500,53074.57646
4,retail,65032.19093,140,24356.724
4,retail,139354.6949,1250,42383.97599
4,retail,83612.81692,250,28839.87591
4,retail,130064.3819,400,32638.73775
4,retail,92903.12991,388,34422.12313
4,retail,37161.25196,1250,12386.35211
4,retail,65032.19093,600,26353.79427
4,retail,65032.19093,200,25227.85586
4,retail,65032.19093,200,20472.43303
4,retail,29264.48592,200,7515.013972
4,retail,55741.87794,800,25773.71198
4,retail,83612.81692,1000,22071.81418
4,retail,130064.3819,400,32331.23223
4,retail,74322.50393,110,17066.43014
4,retail,139354.6949,400,36308.55344
4,retail,65032.19093,1000,34532.78732
4,retail,130064.3819,388,42229.12546
4,retail,139354.6949,388,44095.45372
4,retail,32516.09547,110,11775.83816
4,retail,139354.6949,950,80776.47939
4,retail,65032.19093,140,28684.91031
4,retail,29729.00157,200,10441.61741
4,retail,139354.6949,388,49374.58348
4,retail,92903.12991,289,35743.71878
4,retail,83612.81692,2500,34512.07053
4,retail,130064.3819,950,51691.91458
4,retail,130064.3819,400,39415.07589
4,retail,32051.57982,289,11842.17368
4,retail,20438.68858,125,5549.359578
4,retail,65032.19093,1800,34125.89814
4,retail,32516.09547,400,15103.04699
4,retail,20438.68858,125,9677.803433
4,retail,20438.68858,400,8810.411557
4,retail,24619.32943,55,8552.104263
4,retail,19045.14163,140,8032.155488
4,retail,19045.14163,150,12915.44946
4,retail,19509.65728,150,8922.305248
4,retail,46451.65786,2500,37645.36946
4,retail,19045.14163,125,8144.009811
4,retail,32516.09547,400,10656.97392
4,retail,20438.68858,125,13286.79818
4,retail,24619.32943,50,10638.54958
4,retail,19045.14163,125,5542.866843
